DATE,RESERVOIR SAND,Measurement TYPE,GAUGE_DEPTH_MDRKB_ft,GAUGE_DEPTH_TVDSS_ft,Borehole_Fluid Density_psi/ft,Datum_DEPTH TVDSS_ft,Resv_FluidDens_psi/ft,CorrToDATUM_psi,PressureGaugeSI_BHP_psig,PressureDatum_SI_BHP_psig,oldDatumSI_BHP_or_directInput_psig
3/4/1974,C-2,static,8290.0,8106.0,0.210,8200,0.21,19.7,4243.0,4262.7,4262
2/23/1975,C-2,static,8290.6,8107.1,0.243,8200,0.24,22.6,3327.5,3350.0,3350
8/27/1975,C-2,static,8279.0,8095.0,0.210,8200,0.21,22.1,3831.0,3853.1,3848
3/22/1976,C-2,static,8280.0,8096.0,0.243,8200,0.24,25.2,3292.0,3317.2,3321
11/10/1976,C-2,static,6790.0,6606.0,0.255,8200,0.26,406.8,2616.5,3023.3,2914
8/8/1977,C-2,static,8261.1,8077.6,0.252,8200,0.25,30.9,2905.1,2936.0,2936
10/23/1980,C-2,static,8239.9,8056.4,0.257,8200,0.26,36.9,2592.6,2629.5,2619
5/3/1981,C-2,static,8240.0,8056.0,0.246,8200,0.25,35.5,2603.0,2638.5,2627
11/27/1981,C-2,static,8240.1,8056.0,0.249,8200,0.25,35.9,2542.0,2577.9,2539
5/19/1982,C-2,static,8240.1,8056.0,0.251,8200,0.25,36.2,2691.8,2728.0,2718
1/30/1983,C-2,static,8239.7,8056.2,0.117,8200,0.12,16.8,2689.0,2705.8,2706
8/11/1983,C-2,static,8240.1,8056.2,0.239,8200,0.24,34.3,2376.2,2410.5,2393
2/26/1984,C-2,static,8240.1,8056.2,0.113,8200,0.11,16.3,2197.0,2213.3,2208
6/28/1984,C-2,static,8240.1,8056.2,0.245,8200,0.25,35.2,2189.9,2225.0,2200
3/20/1985,C-2,static,8240.1,8056.2,0.257,8200,0.26,37.0,1955.5,1992.5,1964
5/28/1986,C-2,static,6999.6,6815.6,0.048,8200,0.05,66.0,1630.6,1696.6,1697
11/27/1986,C-2,static,8240.0,8055.5,0.119,8200,0.12,17.2,1614.0,1631.2,1631
6/21/1987,C-2,static,8240.0,8055.5,0.081,8200,0.08,11.7,1547.3,1559.0,1561
12/14/1987,C-2,static,8240.0,8055.5,0.065,8200,0.07,9.3,1506.9,1516.2,1519
5/17/1988,C-2,static,8240.0,8055.5,0.087,8200,0.09,12.5,1482.7,1495.2,1496
1/29/1989,C-2,static,7999.5,7815.5,0.037,8200,0.04,14.3,1349.8,1364.0,1369
5/7/1989,C-2,static,7999.9,7815.9,0.067,8200,0.07,25.9,1315.6,1341.5,1342
5/4/1990,C-2,static,7799.5,7615.5,0.064,8200,0.06,37.6,1229.3,1267.0,1270
6/11/1993,C-2,static,7999.5,7813.5,0.032,8200,0.03,12.4,1339.7,1352.0,1341
2/23/1997,C-2,static,7999.9,7816.0,0.318,8200,0.32,122.1,2065.6,2187.7,2188
6/7/2000,C-2,static,8160.0,7976.0,0.422,8200,0.42,94.6,1765.0,1859.5,1859
3/12/1974,A-2,static,6699.4,6515.9,0.286,6700,0.29,52.7,2929.3,2982.0,2982
8/7/1977,A-2,static,6801.1,6613.1,0.290,6700,0.29,25.2,2472.9,2498.0,2498
8/8/1977,A-2,static,4999.9,4816.4,0.074,6700,0.07,138.8,2059.1,2198.0,2198
9/26/1979,A-2,static,6660.0,6476.5,0.048,6700,0.05,10.8,1521.5,2027.0,1538
9/3/1984,A-2,static,6629.8,6446.3,0.074,6700,0.07,18.7,2950.7,2981.0,2981
5/30/1986,A-2,static,6629.3,6445.6,0.056,6700,0.06,14.3,1825.3,1840.0,1840
12/2/1986,A-2,static,6579.6,6395.6,0.056,6700,0.06,17.1,2032.2,2049.0,2049
12/14/1987,A-2,static,6579.6,6395.6,0.048,6700,0.05,14.5,1986.4,2000.0,2000
5/16/1988,A-2,static,6579.6,6395.6,0.048,6700,0.05,14.5,2049.1,2063.0,2063
1/26/1989,A-2,static,6579.6,6395.6,0.048,6700,0.05,14.6,2133.6,2148.0,2148
5/4/1989,A-2,static,6579.6,6395.6,0.049,6700,0.05,14.9,2204.1,2220.0,2220
11/28/1989,A-2,static,6579.6,6395.6,0.049,6700,0.05,14.9,2253.3,2303.0,2303
3/29/1974,A-2,static,6732.2,6544.2,0.286,6700,0.29,44.6,2915.1,2959.0,2959
4/23/1981,A-2,static,6764.0,6576.0,0.197,6700,0.20,24.4,1881.3,1906.0,1906
11/24/1981,A-2,static,6769.9,3301.1,0.197,6700,0.20,670.2,1821.6,1845.0,1845
1/16/1983,A-2,static,6769.9,6581.9,0.104,6700,0.10,12.3,1744.8,1757.0,1757
12/22/1987,A-2,static,5999.9,5811.9,0.425,6700,0.43,377.2,1697.0,2064.0,2064
5/17/1988,A-2,static,5999.9,5811.9,0.429,6700,0.43,381.0,2056.1,2101.0,2101
1/26/1989,A-2,static,6769.6,6581.6,0.423,6700,0.42,50.1,2197.1,2244.0,2244
5/4/1992,AA-3,static,5286.7,5076.0,0.391,5400,0.39,126.8,1972.3,2099.1,1972
10/26/1998,AA-3,static,5475.9,5265.0,0.352,5400,0.09,47.6,1636.7,1684.3,1676
6/1/2000,AA-3,static,5464.0,5254.0,0.430,5400,0.31,62.9,1697.0,1759.9,1747
5/20/2008,AA-3,static,5532.0,5323.0,0.437,5400,0.44,33.7,1716.2,1749.9,1748
12/29/1974,AA-3,static,5561.0,5373.0,0.303,5400,0.30,8.3,2389.0,2397.2,2397
2/28/1976,AA-3,static,5597.0,5409.1,0.344,5400,0.34,-3.0,2389.0,2385.9,2386
8/8/1977,AA-3,static,5610.2,5422.2,0.334,5400,0.33,-7.3,2364.8,2357.5,2357
9/20/1978,AA-3,static,5587.2,5401.8,0.312,5400,0.31,-0.5,2364.8,2364.3,2364
10/27/1980,AA-3,static,5509.9,5321.9,0.312,5400,0.31,24.4,2342.9,2367.3,2367
5/4/1981,AA-3,static,5449.1,5261.1,0.312,5400,0.31,43.4,2268.1,2311.5,2312
11/25/1981,AA-3,static,5452.0,5264.0,0.312,5400,0.31,42.5,2252.4,2295.0,2295
5/18/1982,AA-3,static,4999.9,4811.9,0.312,5400,0.31,183.5,2241.1,2424.6,2425
1/16/1983,AA-3,static,4999.9,4811.9,0.291,5400,0.29,171.1,2064.7,2235.9,2236
8/10/1983,AA-3,static,4999.9,4811.9,0.294,5400,0.29,172.9,1982.3,2155.2,2155
3/9/1984,AA-3,static,4999.9,4811.9,0.254,5400,0.25,149.4,1939.6,2089.0,2089
9/2/1984,AA-3,static,4999.9,4811.9,0.264,5400,0.26,155.3,1921.1,2076.4,2076
4/2/1985,AA-3,static,4999.9,4811.9,0.262,5400,0.26,154.0,1884.2,2038.1,2038
10/26/1985,AA-3,static,4999.9,4811.9,0.273,5400,0.27,160.6,1874.2,2034.8,2029
11/23/1986,AA-3,static,4999.7,4811.7,0.425,5400,0.43,249.9,1829.1,2079.1,2086
6/23/1987,AA-3,static,5452.0,5261.7,0.316,5400,0.32,43.8,2021.5,2065.3,2065
12/17/1987,AA-3,static,5449.7,5261.7,0.329,5400,0.33,45.6,2015.0,2060.6,2060
5/18/1988,AA-3,static,5449.7,5261.7,0.351,5400,0.35,48.6,2009.3,2057.9,2057
1/27/1989,AA-3,static,5449.7,5261.7,0.414,5400,0.41,57.3,1979.9,2037.2,2036
12/11/1990,AA-3,static,5565.6,5363.5,0.391,5400,0.39,14.4,2050.4,2064.7,2065
10/26/1999,AA-3,static,5469.0,5281.0,0.426,5400,0.43,50.8,1688.0,1738.8,1720
6/2/2000,AA-3,static,5464.0,5276.0,0.430,5400,0.43,53.3,1692.3,1745.6,1746
7/6/2002,AA-3,static,5500.0,5312.0,0.427,5400,0.43,37.6,1695.0,1732.6,1735
7/9/2002,AA-3,static,5500.0,5312.0,0.430,5400,0.43,37.8,1710.0,1747.8,1734
5/20/2008,AA-3,static,5418.0,5209.2,0.430,5400,0.43,82.0,1674.2,1756.2,1735
8/8/1974,C-2,static,8431.7,8246.7,0.238,8200,0.24,-11.1,4209.1,4198.0,4198
8/11/1974,C-2,static,8273.0,8067.0,0.237,8200,0.24,31.6,4216.0,4247.6,4254
2/24/1975,C-2,static,8284.0,8099.0,0.238,8200,0.24,24.1,3071.5,3095.6,3095
8/9/1977,A-2,static,6784.7,6599.7,0.294,6700,0.29,29.4,2448.7,2478.1,2478
1/17/1979,A-2,static,6779.8,6594.8,0.048,6700,0.05,5.1,2073.3,2078.3,2091
11/3/1980,A-2,static,6779.2,6594.2,0.171,6700,0.17,18.1,1947.0,1965.1,1965
4/24/1981,A-2,static,6744.0,6559.0,0.171,6700,0.17,24.1,1935.3,1959.5,1959
11/24/1981,A-2,static,6749.9,6564.9,0.171,6700,0.17,23.1,1955.3,1978.4,1978
1/21/1983,A-2,static,6749.9,6564.9,0.053,6700,0.05,7.1,1955.3,1962.4,1962
2/17/1984,A-2,static,6749.9,6564.9,0.043,6700,0.04,5.8,1937.0,1942.8,1942
2/19/1997,A-2,static,6000.0,5796.0,0.299,6700,0.30,269.8,1592.6,1862.5,1857
10/30/1999,A-2,static,6650.0,6466.0,0.388,6700,0.39,90.7,1736.0,1826.7,1892
6/4/2000,A-2,static,6690.0,6506.0,0.427,6700,0.43,82.8,2423.9,2506.7,2509
9/1/2001,A-2,static,6690.0,6506.0,0.405,6700,0.41,78.6,1576.0,1654.6,1616
2/19/1974,A-1.1,static,6548.5,6363.5,0.286,6300,0.29,-18.2,2844.0,2840.1,2840
2/27/1976,A-1.1,static,6430.4,6245.4,0.261,6300,0.26,14.3,2787.1,2828.1,2828
11/10/1976,A-1.1,static,6430.4,6245.4,0.104,6300,0.10,5.7,2716.0,2727.1,2727
8/8/1977,A-1.1,static,6584.6,6399.6,0.208,6300,0.21,-20.7,2767.2,2757.1,2757
4/29/1981,A-1.1,static,6494.0,6309.0,0.138,6300,0.14,-1.2,2602.3,2608.1,2608
5/23/1982,A-1.1,static,6519.9,6336.6,0.080,6300,0.08,-2.9,2387.5,2389.1,2389
2/17/1984,A-1.1,static,6200.1,6015.1,0.068,6300,0.07,19.4,2177.1,2200.1,2200
8/29/1975,A-2,static,6765.0,6584.0,0.290,6700,0.29,33.7,2787.1,2820.8,2821
2/25/1976,A-2,static,6699.4,6518.4,0.299,6700,0.30,54.3,2815.6,2869.9,2742
11/12/1976,A-2,static,6548.5,6343.0,0.303,6700,0.30,108.3,1664.0,1772.3,1764
8/7/1977,A-2,static,6758.4,6577.4,0.293,6700,0.29,35.8,2418.8,2454.7,2454
4/25/1981,A-2,static,6733.8,6552.8,0.286,6700,0.29,42.1,1780.3,1822.4,1822
11/24/1981,A-2,static,6749.9,6568.9,0.286,6700,0.29,37.5,1687.9,1725.4,1725
5/21/1982,A-2,static,6740.1,6559.1,0.286,6700,0.29,40.3,1744.8,1785.1,1785
6/10/1992,A-2,static,6699.6,6519.0,0.435,6700,0.44,78.7,2432.9,2511.6,2465
8/23/2001,A-2,static,6700.0,6519.0,0.424,6700,0.42,76.8,2839.0,2915.8,2986
7/7/2002,A-2,static,6670.0,6468.0,0.425,6700,0.13,98.6,2799.0,2897.6,2889
12/20/1974,B-1,static,7414.6,7295.0,0.273,7451,0.27,42.6,3199.5,3242.1,3244
2/26/1976,B-1,static,7349.0,7229.0,0.270,7451,0.27,59.9,3185.3,3245.2,3239
11/9/1976,B-1,static,6899.5,6804.5,0.269,7451,0.27,173.7,3028.9,3202.6,3202
8/9/1977,B-1,static,7378.5,7260.0,0.285,7451,0.29,54.4,3142.6,3197.1,3191
5/6/1982,A-2,static,6745.0,6650.0,0.236,6700,0.24,11.8,1820.2,1832.0,1832
2/17/1984,A-2,static,5999.9,5904.9,0.236,6700,0.24,187.8,1528.7,1716.4,1716
6/27/1984,A-2,static,6749.9,6654.9,0.230,6700,0.23,10.4,1798.8,1809.2,1809
4/4/1985,A-2,static,6749.9,6654.9,0.269,6700,0.27,12.1,1864.7,1876.8,1877
10/24/1985,A-2,static,6749.9,6654.9,0.117,6700,0.12,5.3,1804.9,1810.2,1810
6/4/1986,A-2,static,6749.6,6654.6,0.295,6700,0.30,13.4,1790.6,1804.0,1804
11/24/1986,A-2,static,6749.6,6654.6,0.329,6700,0.33,15.0,1987.5,2002.5,2001
6/18/1987,A-2,static,6749.6,6654.6,0.364,6700,0.36,16.5,1936.3,1952.9,1951
12/15/1987,A-2,static,6749.6,6654.9,0.407,6700,0.41,18.4,1986.4,2004.8,2002
6/18/1988,A-2,static,6749.6,6654.9,0.420,6700,0.42,19.0,2057.5,2076.4,2074
6/6/1989,A-2,static,6749.6,6654.9,0.405,6700,0.41,18.2,2236.1,2254.3,2255
12/29/1989,A-2,static,6749.6,6654.9,0.430,6700,0.43,19.4,2305.3,2324.7,2336
8/27/2001,A-2,static,6700.0,6605.0,0.433,6700,0.43,41.1,2930.1,2986.0,2971
12/20/1974,A-1.1,static,6381.2,6286.2,0.288,6300,0.29,4.0,2801.3,2805.3,2804
8/24/1975,A-1.1,static,6433.6,6338.7,0.288,6300,0.29,-11.1,2630.7,2619.6,2619
2/27/1976,A-1.1,static,4999.9,4905.0,0.283,6300,0.28,394.8,2403.2,2798.0,2797
11/10/1976,A-1.1,static,6249.9,6154.9,0.299,6300,0.30,43.4,2772.9,2816.3,2816
8/9/1977,A-1.1,static,6496.0,6400.9,0.286,6300,0.29,-28.9,2748.7,2719.9,2719
4/29/1981,A-1.1,static,6443.8,6348.8,0.190,6300,0.19,-9.3,2690.4,2681.2,2690
5/19/1982,A-1.1,static,6450.1,6355.1,0.190,6300,0.19,-10.4,2653.5,2643.0,2652
3/11/1984,A-1.1,static,6450.1,6355.1,0.080,6300,0.08,-4.4,2515.5,2511.1,2515
8/28/1984,A-1.1,static,6450.1,6355.1,0.091,6300,0.09,-5.0,2481.4,2476.4,2481
4/5/1985,A-1.1,static,6450.1,6355.1,0.081,6300,0.08,-4.5,2431.5,2427.0,2431
10/24/1985,A-1.1,static,6450.1,6355.1,0.065,6300,0.07,-3.6,2275.5,2271.9,2304
11/24/1986,A-1.1,static,6449.6,6354.6,0.295,6300,0.30,-16.1,2309.0,2292.9,2292
6/17/1987,A-1.1,static,5599.7,5504.7,0.052,6300,0.05,41.4,2074.0,2115.4,2097
5/19/1988,A-1.1,static,4399.9,4305.0,0.052,6300,0.05,103.8,2001.2,2104.9,2072
5/5/1990,A-1.1,static,4399.7,4304.7,0.051,6300,0.05,101.4,1903.6,2005.0,1974
6/3/1991,A-1.1,static,3863.8,3864.0,0.300,6300,0.30,730.8,1219.8,1950.6,2051
5/30/1992,A-1.1,static,6268.0,6151.0,0.430,6300,0.43,64.1,1806.1,1870.1,1876
8/31/2001,A-1.1,static,6268.0,6151.0,0.403,6300,0.40,60.0,1606.0,1666.1,1681
12/15/2002,A-1.1,static,6450.0,6342.0,0.431,6300,0.43,-18.1,1662.0,1643.9,1636
1/22/1975,A-1.0,static,6509.1,6323.1,0.283,6300,0.28,-6.5,2815.6,2809.0,2809
8/22/1975,A-1.0,static,6486.1,6300.2,0.283,6300,0.28,0.0,2815.6,2815.5,2815
2/27/1976,A-1.0,static,6499.3,6313.3,0.297,6300,0.30,-3.9,2815.6,2811.6,2811
3/23/1976,A-1.0,static,6499.3,6313.3,0.297,6300,0.30,-3.9,2758.7,2754.7,2754
11/8/1976,A-1.0,static,6502.5,6316.6,0.282,6300,0.28,-4.7,2815.6,2810.9,2811
5/18/1980,A-1.0,static,6429.9,6243.9,0.263,6300,0.26,14.7,2689.1,2703.9,2704
12/6/1980,A-1.0,static,6429.9,6243.9,0.263,6300,0.26,14.7,2403.7,2418.5,2703
4/28/1981,A-1.0,static,6443.8,6257.8,0.263,6300,0.26,11.1,2671.9,2683.0,2683
11/23/1981,A-1.0,static,6423.8,6237.8,0.263,6300,0.26,16.3,2620.7,2637.1,2637
5/19/1982,A-1.0,static,6430.4,6244.4,0.263,6300,0.26,14.6,2619.3,2633.9,2634
1/19/1983,A-1.0,static,6430.0,6244.1,0.244,6300,0.24,13.6,2588.0,2601.7,2602
8/12/1983,A-1.0,static,6430.0,6244.1,0.233,6300,0.23,13.0,2541.1,2554.1,2511
2/25/1984,A-1.0,static,6430.0,6244.1,0.150,6300,0.15,8.4,2474.3,2482.7,2483
8/28/1984,A-1.0,static,6430.4,6244.1,0.154,6300,0.15,8.6,2438.7,2447.3,2447
4/7/1985,A-1.0,static,6430.0,6244.1,0.121,6300,0.12,6.8,2393.5,2400.3,2400
10/20/1985,A-1.0,static,6430.0,6244.0,0.087,6300,0.09,4.9,2374.5,2379.3,2379
5/25/1986,A-1.0,static,6430.0,6244.0,0.139,6300,0.14,7.8,2323.0,2330.7,2331
11/19/1986,A-1.0,static,6429.6,6243.6,0.061,6300,0.06,3.4,2303.9,2307.3,2303
6/25/1987,A-1.0,static,5449.7,5263.7,0.056,6300,0.06,58.4,2167.0,2225.4,2224
6/25/1987,A-2,static,6999.6,6813.6,0.433,6700,0.43,-49.2,2091.2,2042.0,2042
12/11/1987,A-1.0,static,5449.7,5263.7,0.061,6300,0.06,62.9,2149.2,2212.1,2213
12/11/1987,A-2,static,6999.6,6813.6,0.425,6700,0.43,-48.2,2105.3,2057.0,2057
5/21/1988,A-1.0,static,5449.7,5263.7,0.065,6300,0.07,67.4,2102.0,2169.4,2172
5/22/1988,A-2,static,6999.6,6813.6,0.420,6700,0.42,-47.8,2171.5,2124.0,2124
2/1/1989,A-2,static,6999.6,6813.6,0.425,6700,0.43,-48.3,2282.5,2234.0,2234
2/2/1989,A-1.0,static,5449.7,5263.7,0.062,6300,0.06,64.2,2077.7,2141.9,2143
12/4/1989,A-2,static,6999.6,6813.6,0.421,6700,0.42,-47.8,2448.5,2401.0,2401
12/6/1989,A-1.0,static,5449.7,5263.7,0.053,6300,0.05,54.9,2042.4,2097.3,2098
12/3/1990,A-2,static,6999.6,6813.6,0.425,6700,0.43,-48.3,2387.1,2339.0,2339
12/4/1990,A-1.0,static,5449.7,5263.7,0.060,6300,0.06,62.2,2032.2,2094.4,2096
5/6/1992,A-2,static,6799.6,6613.6,0.439,6700,0.44,37.9,2548.8,2448.0,2448
6/14/1993,A-2,static,6799.6,6613.6,0.439,6700,0.44,37.9,2602.4,2516.0,2516
12/23/1993,A-2,static,6799.6,6613.6,0.439,6700,0.44,37.9,2505.4,2407.0,2407
4/3/1996,A-1.0,static,6622.6,6418.6,0.427,6300,0.43,-50.7,1760.6,1709.9,1709
12/16/1996,A-2,static,7132.6,6928.6,1.658,6700,1.66,-379.0,2691.4,2626.0,2626
10/22/1999,A-1.0,static,7132.6,6928.6,0.351,6700,0.35,-80.3,2691.4,2611.2,2969
10/27/1999,A-1.0,static,5486.0,5299.0,0.351,6300,0.35,351.5,2529.2,2880.7,2887
12/16/2002,A-1.0,static,5460.0,5274.0,0.350,6300,0.35,359.1,2529.2,2888.3,2887
1/22/1975,AA-3,static,5590.5,5404.5,0.303,5400,0.30,-1.3,2403.2,2402.0,2402
8/20/1975,AA-3,static,5567.5,5381.5,0.303,5400,0.30,5.7,2389.0,2395.0,2395
2/28/1976,AA-3,static,5616.7,5430.7,0.340,5400,0.34,-10.4,2374.7,2364.0,2364
11/19/1976,AA-3,static,5498.6,5312.6,0.342,5400,0.34,30.0,2389.0,2419.0,2419
8/7/1977,AA-3,static,5885.8,5404.5,0.342,5400,0.34,-1.5,2367.6,2366.0,2366
5/17/1980,AA-3,static,5559.9,5374.0,0.345,5400,0.35,9.1,2348.6,2385.0,2385
10/24/1980,AA-3,static,5589.9,5403.9,0.345,5400,0.35,-1.3,2363.2,2362.0,2362
12/7/1980,AA-3,static,5559.9,5374.0,0.345,5400,0.35,9.1,2351.3,2360.0,2360
4/27/1981,AA-3,static,5494.0,5308.0,0.345,5400,0.35,31.8,2313.6,2345.0,2345
11/25/1981,AA-3,static,5560.0,5374.0,0.345,5400,0.35,9.0,2317.9,2326.0,2326
5/19/1982,AA-3,static,5559.3,5373.3,0.345,5400,0.35,9.3,2303.6,2313.0,2313
1/19/1983,AA-3,static,5560.0,5374.0,0.348,5400,0.35,9.1,2262.4,2272.0,2272
8/12/1983,AA-3,static,5560.0,5374.0,0.286,5400,0.29,7.5,2279.5,2287.0,2287
3/9/1984,AA-3,static,5560.0,5374.0,0.364,5400,0.36,9.5,2184.2,2194.0,2194
8/24/1984,AA-3,static,5560.0,5374.0,0.272,5400,0.27,7.1,2162.9,2170.0,2170
4/6/1985,AA-3,static,5560.0,5374.0,0.325,5400,0.33,8.5,2130.2,2139.0,2139
10/20/1985,AA-3,static,5559.6,5374.0,0.321,5400,0.32,8.4,2121.9,2131.0,2131
11/20/1986,AA-3,static,5499.7,5313.7,0.429,5400,0.43,37.1,2047.4,2086.0,2086
2/24/1975,C-2,static,8215.1,8071.1,0.256,8200,0.26,33.0,2943.5,2976.0,2976
9/13/1975,C-2,static,8208.6,8064.6,0.256,8200,0.26,34.6,4066.9,4101.0,4101
3/22/1976,C-2,static,8215.1,8071.1,0.263,8200,0.26,33.9,2876.0,2902.8,2906
8/10/1977,C-2,static,8240.1,8096.1,0.256,8200,0.26,26.6,2467.2,2496.3,2494
1/16/1979,C-2,static,8240.1,8096.1,0.208,8200,0.21,21.6,2010.7,2032.0,2032
10/23/1980,C-2,static,8240.1,8055.9,0.153,8200,0.15,22.0,2245.5,2268.2,2275
5/4/1981,C-2,static,8240.1,8055.9,0.158,8200,0.16,22.7,2407.0,2430.0,
11/27/1981,C-2,static,8200.0,8056.0,0.390,8200,0.39,56.1,2290.8,2347.2,2321
5/20/1982,C-2,static,8200.0,8056.0,0.390,8200,0.39,56.1,2307.9,2347.2,2338
1/31/1983,C-2,static,8200.0,8056.0,0.348,8200,0.35,50.2,2252.0,2299.8,2272
8/13/1983,C-2,static,8240.1,8056.0,0.095,8200,0.10,13.7,2201.3,2215.0,2215
8/2/1984,C-2,static,8241.4,8097.4,0.095,8200,0.10,9.8,2232.5,2242.0,2242
8/2/1984,A-2,static,6729.9,6585.9,0.260,6700,0.26,29.7,1773.2,1803.0,1803
3/18/1985,C-2,static,8239.5,8095.5,0.133,8200,0.13,13.9,2403.5,2417.0,2417
10/20/1985,C-2,static,8239.5,8095.5,0.823,8200,0.82,86.0,2804.2,2813.0,2813
9/14/1975,A-2,static,6768.3,6624.3,0.286,6700,0.29,21.7,2858.2,2880.0,2880
2/25/1976,A-2,static,6699.4,6555.4,0.295,6700,0.30,42.6,2744.5,2787.0,2787
3/23/1976,A-2,static,6699.4,6555.4,0.303,6700,0.30,43.9,2758.7,2802.0,2802
11/11/1976,A-2,static,6548.5,6404.5,0.282,6700,0.28,83.3,2573.8,2657.0,2657
8/10/1977,A-2,static,6801.1,6616.0,0.291,6700,0.29,24.4,2507.0,2535.3,2519
8/24/1977,A-2,static,6799.8,6655.5,0.260,6700,0.26,11.6,2285.2,2297.0,2297
10/1/1977,A-2,static,6800.0,6616.0,0.296,6700,0.30,24.9,2510.0,2540.5,
9/24/1978,A-2,static,6800.0,6616.0,0.295,6700,0.30,24.7,2286.0,2316.1,
4/25/1981,A-2,static,6764.0,6620.0,0.260,6700,0.26,20.8,1807.4,1828.0,1828
11/24/1981,A-2,static,6769.9,6625.9,0.260,6700,0.26,19.3,1787.5,1807.0,1807
5/20/1982,A-2,static,6769.9,6625.9,0.260,6700,0.26,19.3,1813.1,1832.0,1832
4/18/1985,A-2,static,6729.9,6585.9,0.225,6700,0.23,25.7,1855.6,1881.0,1881
10/22/1985,A-2,static,6729.9,6585.9,0.143,6700,0.14,16.3,1744.8,1761.0,1761
11/12/1986,A-2,static,6739.6,6595.6,0.191,6700,0.19,19.9,2004.0,2025.0,2025
6/4/1987,A-2,static,6771.6,6585.6,0.420,6700,0.42,48.1,1896.7,1945.0,1945
12/3/1987,A-2,static,5999.6,5855.6,0.295,6700,0.30,248.8,1763.3,2011.0,2011
5/30/1988,A-2,static,6722.9,6578.9,0.399,6700,0.40,48.3,2044.1,2085.0,2085
1/31/1989,A-2,static,6739.6,6595.6,0.411,6700,0.41,42.9,2136.7,2177.0,2177
11/29/1989,A-2,static,6739.6,6595.6,0.417,6700,0.42,43.5,2294.3,2336.0,2336
11/26/1990,A-2,static,6739.6,6595.6,0.430,6700,0.43,44.9,2220.7,2263.0,2263
1/4/1992,A-2,static,6517.6,6355.6,0.425,6700,0.43,146.3,2283.4,2252.0,2252
11/9/1992,A-2,static,6549.6,6405.6,0.425,6700,0.43,125.0,2385.0,2252.0,2252
6/21/1975,C-2,static,8035.0,7830.0,0.210,8200,0.21,77.7,3989.0,4066.7,4040
11/10/1976,C-2,static,7998.6,7814.0,0.422,8200,0.42,162.9,3185.3,3229.9,3235
8/10/1977,C-2,static,8031.4,7846.8,0.422,8200,0.42,149.1,3175.3,3257.9,3252
9/27/1979,C-2,static,7999.9,7815.3,0.217,8200,0.22,83.4,3111.3,3194.0,3194
10/24/1980,C-2,static,7999.9,7815.3,0.148,8200,0.15,56.9,2938.3,3004.9,3021
11/27/1981,C-2,static,7999.9,7815.3,0.130,8200,0.13,50.0,2828.4,2879.0,2911
5/22/1982,C-2,static,7999.9,7815.3,0.176,8200,0.18,67.7,2804.0,2898.1,2879
2/27/1976,A-1.0,static,6499.3,6314.7,0.288,6300,0.29,-4.2,2772.9,2768.7,2768
8/7/1977,A-1.0,static,6499.3,6313.3,0.282,6300,0.28,-3.7,2754.4,2750.7,2750
5/18/1980,A-1.0,static,6499.9,6315.3,0.288,6300,0.29,-4.4,2554.5,2550.1,2550
12/6/1980,A-1.0,static,6499.9,6315.3,0.288,6300,0.29,-4.4,2567.1,2562.7,2562
4/28/1981,A-1.0,static,6494.0,6312.0,0.288,6300,0.29,-3.5,2640.7,2637.2,2650
11/23/1981,A-1.0,static,6477.6,6309.4,0.288,6300,0.29,-2.7,2644.9,2642.2,2642
5/22/1982,A-1.0,static,6499.9,6315.3,0.288,6300,0.29,-4.4,2626.4,2622.0,2622
2/19/1984,A-1.0,static,6499.9,6315.3,0.141,6300,0.14,-2.2,2522.6,2520.5,2520
8/26/1984,A-1.0,static,6500.0,6315.3,0.372,6300,0.37,-5.7,2457.2,2451.5,2451
3/20/1985,A-1.0,static,6499.9,6315.3,0.365,6300,0.37,-5.6,2415.6,2410.0,2410
10/20/1985,A-1.0,static,6499.9,6315.3,0.355,6300,0.36,-5.5,2379.3,2373.8,2374
6/6/1987,A-1.0,static,6500.0,6314.6,0.429,6300,0.43,-6.3,2254.6,2248.3,2289
12/3/1987,A-1.0,static,6499.6,6314.6,0.429,6300,0.43,-6.3,2254.6,2248.3,2289
5/21/1988,A-1.0,static,6500.0,6314.7,0.420,6300,0.42,-6.2,2213.1,2206.9,2251
11/16/1986,C-2,static,7999.9,7815.3,0.176,8200,0.18,67.7,2297.5,2898.0,3081
8/26/1975,B-1,static,7349.0,7187.0,0.286,7451,0.29,75.5,3171.1,3247.0,3247
11/9/1976,B-1,static,7388.4,7226.4,0.100,7451,0.10,22.4,3156.8,3179.0,3179
8/27/1985,B-1,static,7358.8,7196.8,0.078,7451,0.78,19.8,2910.8,2931.0,2931
6/2/1986,B-1,static,7359.6,7197.6,0.286,7451,0.29,72.5,2828.5,2900.0,2900
5/19/1988,B-1,static,7359.6,7197.6,0.069,7451,0.07,17.6,2714.2,2770.0,2770
5/24/1989,B-1,static,7359.6,7197.6,0.189,7451,0.19,48.0,2652.9,2702.0,2702
12/2/1989,B-1,static,7359.6,7197.6,0.068,7451,0.07,17.2,2642.5,2689.0,2689
11/28/1990,B-1,static,7344.6,7165.9,0.056,7451,0.06,#REF!,2731.0,2816.0,2772
12/17/1991,B-1,static,7187.6,7024.1,0.056,7451,0.06,#REF!,2216.0,2309.0,2236
11/24/1992,B-1,static,7187.6,7024.1,0.051,7451,0.05,#REF!,2099.0,2192.0,2236
12/26/1993,B-1,static,7199.6,7036.6,0.058,7451,0.06,24.0,2325.0,2348.0,2510
10/13/1998,B-1,static,6999.9,6818.0,0.048,7451,0.05,30.4,1990.7,2021.0,2020
8/14/1975,A-2,static,6870.0,6708.0,0.282,6700,0.28,-2.3,2929.3,2927.1,2927
8/25/1975,A-2,static,6791.3,6611.0,0.282,6700,0.28,25.1,2886.7,2911.7,2906
2/25/1976,A-2,static,6000.0,5820.0,0.045,6700,0.05,39.5,1663.0,1702.5,2420
3/23/1976,A-2,static,6000.6,5821.0,0.045,6700,0.05,39.5,1601.0,1640.5,1701
11/11/1976,A-2,static,6299.1,6120.0,0.038,6700,0.04,21.9,1478.9,1500.7,1500
8/10/1977,A-2,static,6381.2,6201.0,0.045,6700,0.05,22.4,1542.9,1565.3,1571
12/8/1980,A-2,static,6849.9,6670.0,0.058,6700,0.06,1.7,2078.3,2080.0,2079
5/24/1982,A-2,static,6800.0,6620.0,0.058,6700,0.06,4.6,2760.1,2764.7,2764
1/21/1983,A-2,static,6799.8,6620.0,0.078,6700,0.08,6.2,2778.6,2784.8,2783
2/18/1984,A-2,static,6799.8,6620.0,0.056,6700,0.06,4.5,2745.9,2750.4,2751
8/27/1984,A-2,static,6799.8,6620.0,0.074,6700,0.07,5.9,2717.4,2723.3,2722
3/21/1985,A-2,static,6799.8,6620.0,0.078,6700,0.08,6.2,2702.4,2708.6,2707
10/23/1985,A-2,static,6799.8,6620.0,0.074,6700,0.07,5.9,2661.7,2667.6,2666
6/2/1986,A-2,static,6799.6,6620.0,0.069,6700,0.07,5.5,2639.5,2645.1,2644
11/17/1986,A-2,static,6799.6,6620.0,0.075,6700,0.08,6.0,2629.0,2635.0,2613
12/4/1987,A-2,static,6799.6,6620.0,0.065,6700,0.07,5.2,2581.9,2587.1,2621
5/15/1988,A-2,static,6799.6,6620.0,0.065,6700,0.07,5.2,2576.7,2581.9,2559
2/3/1989,A-2,static,6799.6,6620.0,0.066,6700,0.07,5.3,2580.8,2586.1,2585
5/9/1989,A-2,static,6799.6,6620.0,0.066,6700,0.07,5.3,2582.8,2588.1,2588
11/28/1989,A-2,static,6499.6,6320.0,0.051,6700,0.05,19.4,1991.9,2011.3,2010
11/29/1990,A-2,static,6499.6,6320.0,0.055,6700,0.06,21.0,2166.1,2187.1,2186
10/29/1999,A-2,static,6340.0,6159.0,0.077,6700,0.08,41.5,2037.0,2078.5,2049
6/4/2000,A-2,static,6680.0,6518.0,0.297,6700,0.30,54.0,1845.0,1899.0,1899
9/3/2001,A-2,static,6680.0,6518.0,0.048,6700,0.05,8.8,2018.0,2026.8,2012
6/28/2002,A-2,static,6800.0,6620.0,0.048,6700,0.05,3.9,2019.2,2023.0,1882
8/4/1984,A-2,static,6890.0,6704.0,0.426,6700,0.43,-1.7,1855.7,1855.5,1854
10/21/1985,A-2,static,6771.6,6585.6,0.100,6700,0.10,11.4,1744.8,1759.0,1759
6/19/1986,A-2,static,5999.7,5813.6,0.390,6700,0.39,345.7,1434.9,1781.0,1781
11/23/1986,A-2,static,6771.6,6578.0,0.355,6700,0.36,43.3,1791.0,1809.0,1845
6/4/1987,A-2,static,6772.0,6578.0,0.373,6700,0.37,45.5,1897.0,1930.0,1930
12/20/1987,A-2,static,5999.6,5813.9,0.425,6700,0.43,376.3,1629.0,2002.0,2002
5/13/1988,A-2,static,5999.6,5813.9,0.425,6700,0.43,376.3,2013.6,2062.0,2062
1/28/1989,A-2,static,6769.6,6583.6,0.413,6700,0.41,48.0,2127.3,2172.8,2181
5/8/1989,A-2,static,6769.6,6583.6,0.433,6700,0.43,50.4,2208.4,2261.0,2261
11/29/1989,A-2,static,6769.6,6583.6,0.417,6700,0.42,48.5,2286.4,2340.0,2340
11/27/1990,A-2,static,6769.6,6583.6,0.115,6700,0.12,13.4,2060.1,2074.0,2074
6/5/1991,A-2,static,6752.6,6566.6,0.319,6700,0.32,42.5,1950.6,1990.0,1997
5/21/1980,A-1.1,static,6469.9,6283.9,0.058,6300,0.06,0.9,2706.2,2710.1,2710
5/20/1982,A-1.1,static,6499.9,6313.9,0.058,6300,0.06,-0.8,2647.8,2650.1,2650
8/28/1984,A-1.1,static,6484.2,5313.9,0.058,6300,0.06,57.3,2232.5,2278.4,2278
4/6/1985,A-1.1,static,5499.9,5313.9,0.057,6300,0.06,56.0,2204.5,2263.1,2263
10/21/1985,A-1.1,static,6499.6,6313.6,0.078,6300,0.08,-1.1,2395.2,2398.1,2398
5/21/1986,A-1.1,static,5999.6,5813.6,0.078,6300,0.08,37.9,2321.3,2362.1,2362
11/22/1986,A-1.1,static,5999.6,5813.6,0.074,6300,0.07,35.8,2174.1,2195.1,2195
6/26/1987,A-1.1,static,5999.6,5810.4,0.082,6300,0.08,40.3,2133.7,2164.1,2164
12/17/1987,A-1.1,static,5999.9,5810.4,0.056,6300,0.06,27.6,2139.8,2154.1,2154
5/20/1988,A-1.1,static,4499.9,4311.5,0.052,6300,0.05,103.4,2048.7,2123.4,2123
1/28/1989,A-1.1,static,4499.7,4313.7,0.051,6300,0.05,101.3,2048.8,2123.4,2123
12/8/1989,A-1.1,static,4499.7,4313.7,0.079,6300,0.08,156.5,1952.4,2085.4,2085
12/1/1990,A-1.1,static,4499.7,4313.7,0.049,6300,0.05,97.3,1727.9,1798.4,1798
6/22/1993,A-1.1,static,5711.0,5525.0,0.426,6300,0.04,329.9,1640.0,1970.0,1961
12/22/1993,A-1.1,static,6500.0,6325.0,0.425,6300,0.43,-10.6,1870.0,1860.0,1851
5/11/1997,A-1.1,static,6300.0,6125.0,0.306,6300,0.31,53.5,1955.0,2011.0,1997
6/3/1986,B-1,static,7399.5,7215.6,0.074,7451,0.07,17.3,2841.0,2858.0,2858
5/26/1988,B-1,static,7399.5,7215.5,0.104,7451,0.10,24.5,2728.7,2785.0,2785
6/3/2000,AA-3,static,5510.0,5326.0,0.434,5407,0.43,35.0,1715.2,1750.3,1740
6/26/2002,AA-3,static,5122.0,4938.0,0.434,5407,0.43,203.4,1656.0,1859.4,1737
7/11/2002,AA-3,static,5122.0,4938.0,0.236,5407,0.24,110.6,1546.7,1657.3,1737
5/19/1980,AA-3,static,5396.9,5212.9,0.268,5400,0.27,50.2,2296.4,2346.6,2347
4/27/1981,AA-3,static,5494.0,5310.0,0.268,5400,0.27,24.2,2320.7,2344.9,2345
11/25/1981,AA-3,static,5499.9,5315.9,0.268,5400,0.27,22.6,2299.4,2321.9,2322
5/21/1982,AA-3,static,5410.0,5226.1,0.268,5400,0.27,46.7,2256.7,2303.4,2303
1/16/1983,AA-3,static,5493.4,5309.4,0.268,5400,0.27,24.3,2243.9,2268.2,2268
8/10/1983,AA-3,static,5499.9,5315.9,0.258,5400,0.26,21.7,2209.8,2231.5,2232
3/11/1984,AA-3,static,5499.9,5315.9,0.199,5400,0.20,16.8,2168.6,2185.3,2185
9/1/1984,AA-3,static,5499.9,5315.9,0.335,5400,0.34,28.2,2144.4,2172.6,2173
10/27/1985,AA-3,static,5499.9,5315.9,0.256,5400,0.26,21.5,2094.9,2116.4,2117
6/3/1986,AA-3,static,5499.9,5315.9,0.338,5400,0.34,28.5,2061.0,2089.5,2090
11/26/1986,AA-3,static,5499.7,5315.7,0.334,5400,0.33,28.2,2055.2,2083.4,2083
6/22/1987,AA-3,static,5499.7,5315.7,0.334,5400,0.33,28.2,2049.7,2077.9,2078
12/9/1987,AA-3,static,5499.7,5315.7,0.342,5400,0.34,28.9,2040.9,2069.8,2069
5/29/1988,AA-3,static,5499.7,5315.7,0.338,5400,0.34,28.6,2039.9,2068.4,2068
5/25/1989,AA-3,static,5299.9,5115.9,0.360,5400,0.36,102.4,1969.6,2072.0,2073
6/12/1991,AA-3,static,5422.7,5238.7,0.369,5400,0.37,59.6,1973.6,2033.2,2033
10/21/1999,AA-3,static,5200.0,5016.0,0.433,5403,0.43,167.8,1595.5,1763.3,1596
6/3/2000,AA-3,static,5560.0,5376.0,0.433,5407,0.43,13.3,1736.0,1749.3,1745
7/11/2002,AA-3,static,5479.0,5295.0,0.342,5407,0.34,38.2,1704.0,1742.2,3446.2
8/30/1982,B,static,7299.6,7176.6,0.289,7352,0.29,50.7,3003.0,3058.0,3051
1/29/1983,B,static,7299.6,7176.6,0.079,7352,0.08,13.9,3087.0,3108.0,3100
3/8/1984,B,static,7299.6,7108.0,0.267,7352,0.27,65.2,2899.0,2970.0,2927
8/27/1984,B,static,6999.6,6808.0,0.285,7352,0.29,155.2,2819.0,2973.0,2881
3/16/1985,B,static,6999.6,6808.0,0.281,7352,0.28,152.8,2747.0,2900.0,2800
10/22/1985,B,static,6999.6,6808.0,0.304,7352,0.30,165.5,2699.0,2864.1,2754
11/22/1986,B,static,6999.6,6808.0,0.291,7352,0.29,158.5,2609.0,2767.2,2747
6/19/1987,B,static,6999.6,6808.0,0.181,7352,0.18,98.2,2576.0,2674.6,2662
12/13/1987,B,static,6999.6,6808.0,0.291,7352,0.29,158.3,2566.0,2620.0,2612
12/5/1990,A-2,static,6599.6,6476.6,0.458,6700,0.46,102.3,2580.5,2684.0,2684
6/6/1991,B,static,6899.6,6776.6,0.067,7352,0.07,38.7,2475.0,2505.0,2520
6/17/1993,B,static,5999.6,5876.6,0.186,7352,0.19,274.1,2183.0,2453.0,2508
10/15/1998,B,static,6799.9,6655.0,0.471,7352,0.47,328.4,1971.0,2299.4,2290
6/29/2002,B,static,7240.0,7117.0,0.427,7352,0.43,100.5,3546.0,3648.1,3648
3/16/1985,A-2,static,6799.8,6676.8,0.302,6700,0.30,7.0,2053.5,2060.0,2060
5/18/1986,A-2,static,6799.7,6676.6,0.420,6700,0.42,9.8,1857.4,1868.0,1868
11/21/1986,A-2,static,6799.6,6676.6,0.425,6700,0.43,9.9,2001.5,2011.0,2011
6/4/1987,A-2,static,6799.6,6670.6,0.416,6700,0.42,12.2,2020.2,2030.0,2030
12/13/1987,A-2,static,6799.6,6676.9,0.420,6700,0.42,9.7,2068.9,2078.0,2078
5/23/1988,A-2,static,6799.6,6676.9,0.425,6700,0.43,9.8,2114.7,2245.4,2124
2/2/1989,A-2,static,6799.6,6676.6,0.430,6700,0.43,10.1,2235.0,2245.0,2244
6/1/1989,A-2,static,6799.6,6676.6,0.425,6700,0.43,10.0,2350.6,2361.0,2361
11/30/1989,A-2,static,6799.6,6676.6,0.417,6700,0.42,9.8,2395.1,2679.9,2406
12/19/1991,A-2,static,6775.0,6651.6,0.427,6700,0.43,20.7,2451.0,2458.0,2635
11/20/1992,A-2,static,6900.0,6777.0,0.427,6700,0.43,-32.9,2488.0,2458.0,2104
6/29/2002,A-2,static,7240.0,7117.0,0.427,6700,0.43,-178.1,3546.0,3365.7,3366
1/31/1983,C-2,static,8900.0,8223.0,0.086,8200,0.09,-2.0,2914.4,2894.7,2854
3/19/1985,C-2,static,8800.0,8124.0,0.273,8200,0.27,20.7,3002.0,3061.4,2884
6/6/1986,C-2,static,8799.5,8134.5,0.238,8200,0.24,15.6,3058.2,3073.0,3073
11/18/1986,C-2,static,8800.0,8124.0,0.274,8200,0.27,20.8,3017.9,3076.5,3023
6/5/1987,C-2,static,8800.0,8124.0,0.183,8200,0.18,13.9,2317.9,2332.0,2321
4/5/1989,C-2,static,8799.5,8159.5,0.616,8200,0.62,24.9,3030.4,3006.0,3006
5/16/1990,C-2,static,8003.5,7859.5,0.365,8200,0.37,124.3,2340.6,2470.0,2470
6/2/1991,C-2,static,9039.5,8399.5,0.463,8200,0.46,-92.4,1189.4,1129.0,1129
11/29/1991,C-2,static,8615.5,7944.0,0.418,8200,0.42,107.0,2941.0,3048.1,3082
11/14/1992,C-2,static,7999.5,7855.5,0.412,8200,0.41,141.9,3058.6,3012.0,3012
6/15/1993,C-2,static,8615.5,7944.0,0.425,8200,0.43,108.7,2051.0,2163.0,2231
12/23/1993,C-2,static,7999.5,7855.5,0.425,8200,0.43,146.2,3045.4,1976.0,1976
6/5/1986,B-1,static,5999.6,5415.7,0.078,7451,0.08,158.8,2701.9,2860.0,2860
5/26/1988,B-1,static,5999.6,5359.7,0.386,7451,0.39,806.7,2005.0,2811.0,2811
9/7/2001,B-1,static,7700.0,7060.0,0.43,7451,0.43,169.7,2393.0,2562.0,2542
3/10/1984,AA-3,static,5400.2,5215.2,0.049,5400,0.05,9.1,2165.7,2174.8,2175
9/2/1984,AA-3,static,5400.2,5215.2,0.048,5400,0.05,8.9,2131.6,2140.5,2141
4/2/1985,AA-3,static,5400.2,5215.2,0.047,5400,0.05,8.7,2096.0,2104.7,2034
6/4/1986,AA-3,static,5400.2,5215.2,0.429,5400,0.43,79.4,1996.2,2075.6,2059
11/21/1986,AA-3,static,5399.7,5214.7,0.338,5400,0.34,62.7,1980.8,2043.6,2043
6/26/1987,AA-3,static,5399.7,5214.7,0.334,5400,0.33,61.9,1980.4,2042.3,2043
12/10/1987,AA-3,static,5399.7,5214.7,0.347,5400,0.35,64.3,1980.6,2044.9,2044
5/28/1988,AA-3,static,5399.7,5214.7,0.338,5400,0.34,62.7,1979.4,2042.1,2041
2/3/1989,AA-3,static,5399.7,5214.7,0.343,5400,0.34,63.6,1970.7,2034.4,2034
12/13/1990,AA-3,static,5489.7,5305.0,0.350,5400,0.35,33.3,1856.5,1889.8,1988
6/10/1991,AA-3,static,5531.3,5350.0,0.334,5400,0.33,16.8,1964.6,1981.4,2007
12/21/1993,AA-3,static,4999.7,4815.7,0.346,5400,0.35,201.9,1842.6,2044.6,2045
2/15/1997,AA-3,static,4999.9,4815.0,0.385,5400,0.39,225.3,1456.8,1682.1,1683
10/17/1998,AA-3,static,5199.9,5111.4,0.403,5400,0.40,116.4,1600.7,1717.1,1757
10/25/1999,AA-3,static,5400.0,5215.0,0.374,5400,0.37,69.2,1719.0,1788.2,1789
6/5/2000,AA-3,static,5500.0,5315.0,0.434,5400,0.43,36.9,2074.0,2110.9,2101
7/5/2002,AA-3,static,5430.0,5245.0,0.383,5400,0.38,59.4,2072.0,2131.4,2134
1/20/1983,AA-3,static,5400.2,5215.2,0.093,5400,0.09,17.2,2214.1,2231.3,2231
8/13/1983,AA-3,static,5400.2,5215.2,0.051,5400,0.05,9.4,2214.1,2223.5,2223
10/26/1985,AA-3,static,5400.0,5215.2,0.048,5400,0.05,8.8,2063.3,2072.1,2072
11/23/1992,A-2,static,6640.5,6507.6,0.430,6700,0.43,82.7,2323.7,2406.4,2349
6/8/2000,A-2,static,6700.0,6567.0,0.430,6700,0.43,57.1,2771.0,2828.1,2839
8/7/1989,A-2,static,6699.9,6516.8,0.332,6700,0.33,60.8,2200.3,2262.0,2262
6/5/1986,B-1,static,7199.6,7016.6,0.074,7451,0.07,32.0,2834.8,2866.0,2866
5/25/1988,B-1,static,7199.6,7016.6,0.074,7451,0.07,32.0,2718.3,2750.0,2750
1/1/1989,B-1,static,7199.6,7016.6,0.164,7451,0.16,71.2,2756.4,2828.0,2828
6/10/1989,B-1,static,7199.6,7016.6,0.061,7451,0.06,26.7,2695.8,2722.0,2722
12/23/1993,B-1,static,6999.6,6891.0,0.017,7451,0.02,9.3,2451.5,2459.0,2459
5/21/1982,A-1.0,static,6549.8,6364.8,0.091,6300,0.09,-5.9,2660.6,2654.7,2655
1/18/1983,A-1.0,static,6399.9,6214.9,0.091,6300,0.09,7.7,2573.8,2581.6,2581
8/10/1983,A-1.0,static,6399.9,6214.9,0.066,6300,0.07,5.6,2579.5,2585.1,2585
2/25/1984,A-1.0,static,6399.9,6214.9,0.062,6300,0.06,5.3,2525.5,2530.7,2531
8/31/1984,A-1.0,static,5499.9,5314.9,0.063,6300,0.06,62.0,2433.0,2495.1,2495
4/3/1985,A-1.0,static,5509.8,5314.9,0.060,6300,0.06,58.9,2384.6,2443.5,2443
10/28/1985,A-1.0,static,6484.2,6299.0,0.061,6300,0.06,0.1,2351.4,2351.5,2410
5/26/1986,A-1.0,static,5499.9,5314.9,0.061,6300,0.06,59.8,2269.1,2328.9,2329
11/25/1986,A-1.0,static,5499.7,5314.7,0.065,6300,0.07,64.1,2272.5,2336.6,2333
6/24/1987,A-1.0,static,5501.7,5317.0,0.277,6300,0.28,272.7,2043.6,2316.2,2344
12/12/1987,A-1.0,static,6484.2,6299.0,0.065,6300,0.07,0.1,2214.2,2214.3,2284
5/21/1988,A-1.0,static,5499.9,5314.7,0.056,6300,0.06,55.5,2115.1,2170.6,2177
5/27/1989,A-1.0,static,6499.9,6314.9,0.303,6300,0.30,-4.5,2183.6,2179.1,2189
4/25/1990,A-1.0,static,6499.9,6314.6,0.056,6300,0.06,-0.8,2111.7,2110.9,2117
6/8/1991,A-1.0,static,6538.6,6353.6,0.046,6300,0.05,-2.5,2061.6,2059.2,2064
6/11/1993,A-1.0,static,6499.6,6315.0,0.273,6300,0.27,-4.1,1929.7,1925.6,1915
10/24/1999,A-1.0,static,6500.0,6315.0,0.308,6300,0.31,-4.6,1686.0,1681.4,1682
6/2/2000,A-1.0,static,6000.0,5815.0,0.309,6300,0.31,149.9,1547.0,1696.9,1698
8/31/2001,A-1.0,static,6358.0,6173.0,0.160,6300,0.16,20.3,1652.4,1672.7,1719
5/22/1982,AA-3,static,5499.9,5314.9,0.278,5400,0.28,23.7,2289.4,2313.1,2313
1/18/1983,AA-3,static,5493.4,5308.4,0.278,5400,0.28,25.5,2241.1,2266.6,2267
3/10/1984,AA-3,static,5499.9,5314.9,0.264,5400,0.26,22.5,2165.7,2188.2,2188
8/31/1984,AA-3,static,5499.9,5314.9,0.260,5400,0.26,22.2,2144.4,2166.5,2167
4/3/1985,AA-3,static,5499.9,5314.9,0.152,5400,0.15,13.0,2110.2,2123.2,2132
10/28/1985,AA-3,static,5499.9,5314.9,0.260,5400,0.26,22.2,2094.9,2117.1,2117
5/24/1986,AA-3,static,4999.7,4814.7,0.186,5400,0.19,109.1,1895.4,2004.5,2004
11/25/1986,AA-3,static,5499.7,5314.7,0.334,5400,0.33,28.5,2053.5,2082.1,2082
6/19/1987,AA-3,static,5459.7,5274.7,0.420,5400,0.42,52.8,2026.5,2079.3,2077
12/12/1987,AA-3,static,5459.7,5274.7,0.355,5400,0.36,44.6,2010.6,2055.2,2061
5/21/1988,AA-3,static,5459.7,5274.7,0.425,5400,0.43,53.3,2011.6,2064.9,2061
5/2/1992,AA-3,static,5442.7,5258.7,0.369,5400,0.37,52.2,1968.0,2020.3,1980
6/10/1993,AA-3,static,5199.7,5015.7,0.034,5400,0.03,13.0,1935.6,1948.6,1949
10/23/1999,AA-3,static,5453.0,5269.0,0.429,5400,0.43,56.2,1669.2,1725.4,1726
6/2/2000,AA-3,static,5460.0,5276.0,0.343,5400,0.43,42.5,1712.9,1755.5,1741
7/2/2002,AA-3,static,5370.0,5186.0,0.421,5401,0.43,90.5,1639.4,1729.9,1730
4/9/2003,A-1.1,static,6500.0,5825.0,0.300,6348,0.30,156.9,1517.3,1674.2,1670
11/14/1976,A-1.1,static,6348.3,6288.3,0.234,6650,0.23,84.6,2872.4,2957.2,2957
11/14/1976,C-2,static,6625.0,6565.0,0.282,8140,0.28,444.2,2928.0,3385.0,3433
1/20/1979,C-2,static,8530.0,8470.0,0.244,8140,0.24,-80.5,3552.0,3472.0,3551
5/6/1981,A-1.1,static,6594.1,6534.1,0.176,6650,0.18,20.3,2881.0,2901.3,2901
11/21/1981,C-2,static,8510.0,8450.0,0.186,8140,0.19,-57.5,3411.0,3363.0,3419
5/23/1982,C-2,static,8499.9,8439.9,0.191,8140,0.19,-57.2,3410.0,3415.2,3415
1/26/1983,C-2,static,8499.9,8443.2,0.186,8140,0.19,-56.2,3390.0,3334.0,3392
2/19/1984,C-2,static,8499.9,8439.9,0.115,8140,0.12,-34.3,3182.0,3145.0,3184
8/25/1984,C-2,static,8500.0,8440.0,0.117,8140,0.12,-35.0,3196.0,3161.0,3198
3/26/1985,C-2,static,8500.0,8440.0,0.107,8140,0.11,-32.0,3181.0,3143.0,3184
10/17/1985,C-2,static,8500.0,8440.0,0.104,8140,0.10,-31.2,3130.7,3092.0,3134
11/15/1986,C-2,static,8500.0,8440.0,0.104,8140,0.10,-31.2,3110.0,3067.0,3113
6/8/1987,C-2,static,8500.0,8440.0,0.099,8140,0.10,-29.6,3040.0,3002.0,3042
12/6/1987,C-2,static,8499.5,8439.5,0.108,8140,0.11,-32.5,4464.9,3045.9,3046
6/2/1988,C-2,static,8499.5,8439.5,0.104,8140,0.10,-31.2,3038.0,3040.9,3041
11/21/1981,A-1.1,static,6330.0,6270.0,0.252,6650,0.25,95.6,2804.0,2900.0,2869
5/23/1982,A-1.1,static,6330.0,6270.0,0.252,6650,0.25,95.6,2882.0,2900.0,2894
1/26/1983,A-1.1,static,6629.8,6569.8,0.099,6650,0.10,7.9,2915.0,2924.0,2923
2/24/1984,A-1.1,static,6629.8,6569.8,0.099,6650,0.10,7.9,2920.0,2923.0,2926
9/3/1984,A-1.1,static,6629.8,6569.8,0.100,6650,0.10,8.0,2950.7,2958.6,2959
3/26/1985,A-1.1,static,6629.8,6569.8,0.107,6650,0.11,8.5,2944.0,2952.0,2951
10/17/1985,A-1.1,static,6629.8,6569.8,0.106,6650,0.11,8.5,2945.0,2953.0,2952
5/14/1986,A-1.1,static,6629.6,6569.6,0.104,6650,0.10,8.4,2912.0,2920.4,2920
11/15/1986,A-1.1,static,6630.0,6569.6,0.102,6650,0.10,8.2,2892.0,2900.0,2908
6/28/1987,A-1.1,static,6629.6,6569.6,0.100,6650,0.10,8.0,2880.0,2888.0,2886
12/6/1987,A-1.1,static,6629.6,6569.6,0.104,6650,0.10,8.4,2847.4,2869.0,2869
6/3/1988,A-1.1,static,6629.6,6569.6,0.091,6650,0.09,7.3,2857.4,2877.1,2877
2/2/1989,A-1.1,static,6629.6,6569.6,0.100,6650,0.10,8.0,2851.0,2859.0,2872
11/23/1990,A-1.1,static,6575.6,6544.0,0.092,6650,0.09,9.8,2835.0,2844.0,2857
12/11/1991,A-1.1,static,6445.6,6385.6,0.444,6650,0.44,117.4,2784.0,2901.0,2850
11/24/1992,A-1.1,static,6499.6,6439.6,0.429,6650,0.43,90.3,2781.0,2876.0,2868
6/12/1993,A-1.1,static,6299.6,6239.6,0.440,6650,0.44,180.4,2796.0,2961.0,2955
11/14/1976,C-2,static,8149.5,8087.5,0.448,8140,0.45,23.5,3529.0,3548.5,3704
5/24/1982,C-2,static,8269.9,8207.9,0.431,8140,0.43,-29.2,3308.0,3281.6,3415
1/25/1983,C-2,static,8269.9,8207.9,0.394,8140,0.39,-26.8,3282.0,3384.4,3384
2/20/1984,C-2,static,8269.9,8207.9,0.437,8140,0.44,-29.7,3145.5,3128.7,3159
8/24/1984,C-2,static,8270.9,8208.9,0.381,8140,0.38,-26.3,3161.1,3259.8,3260
3/23/1985,C-2,static,8269.5,8207.5,0.376,8140,0.38,-25.4,3114.3,3212.2,3212
10/15/1985,C-2,static,8269.5,8207.5,0.368,8140,0.37,-24.9,3072.2,3168.2,3168
11/12/1986,C-2,static,8269.5,8207.5,0.049,8140,0.05,-3.3,3032.4,3165.7,3166
6/9/1987,C-2,static,8270.0,8207.5,0.429,8140,0.43,-29.0,2987.3,2937.6,3098
12/5/1987,C-2,static,8269.5,8207.5,0.407,8140,0.41,-27.5,2941.8,3047.9,3048
9/24/1993,C-2,static,8279.5,8216.5,0.407,8140,0.41,-31.2,3013.4,2902.4,2902
9/9/2001,C-2,static,8000.0,7937.0,0.053,8140,0.05,10.8,2011.0,2018.0,1974
11/14/1976,A-1.1,static,6350.0,6290.0,0.427,6650,0.43,153.8,2801.3,2954.0,2927
5/6/1981,A-1.1,static,6550.0,6488.0,0.285,6650,0.29,46.2,2871.0,2924.0,2920
11/22/1981,A-1.1,static,6590.0,6528.0,0.271,6650,0.27,33.1,2852.5,2894.0,2893
5/23/1982,A-1.1,static,6590.0,6528.0,0.269,6650,0.27,32.8,2836.9,2876.0,2891
1/25/1983,A-1.1,static,6539.9,6477.9,0.424,6650,0.42,72.9,2844.0,2917.0,2892
2/20/1984,A-1.1,static,6539.9,6477.9,0.331,6650,0.33,57.0,2799.9,2902.0,2857
3/22/1985,A-1.1,static,6539.7,6477.6,0.427,6650,0.43,73.6,2799.0,2873.0,2848
10/15/1985,A-1.1,static,6539.6,6477.6,0.427,6650,0.43,73.6,2846.0,2920.0,2849
5/12/1987,A-1.1,static,6539.6,6477.6,0.421,6650,0.42,72.5,2835.0,2904.0,2901
6/10/1987,A-1.1,static,6540.0,6477.6,0.421,6650,0.42,72.5,2844.0,2914.0,2910
5/31/1988,A-1.1,static,6539.6,6477.6,0.425,6650,0.43,73.2,2828.4,2894.6,2895
11/13/1976,B-1,static,7250.6,7197.6,0.260,7506,0.26,80.0,3213.7,3294.2,3267
12/14/1977,B-1,static,7580.0,7527.0,0.301,7506,0.30,-6.3,3279.1,3273.0,3273
5/20/1982,B-1,static,7459.9,7406.9,0.301,7506,0.30,29.9,3206.6,3236.6,3237
1/28/1983,B-1,static,7450.7,7397.7,0.431,7506,0.43,46.7,3205.2,3256.2,3252
9/3/1984,B-1,static,7450.7,7397.7,0.417,7506,0.42,45.1,3209.5,3254.9,3239
3/20/1985,B-1,static,7449.5,7396.6,0.420,7506,0.42,45.9,3201.3,3248.6,3234
11/13/1986,B-1,static,7449.5,7396.6,0.411,7506,0.41,45.0,3200.9,3243.1,3250
12/7/1986,B-1,static,5999.6,5946.9,0.429,7506,0.43,668.9,2594.9,3260.9,3261
6/29/1987,B-1,static,7409.6,7356.5,0.424,7506,0.42,63.4,3185.3,3250.7,3247
6/3/1988,B-1,static,7409.6,7356.5,0.412,7506,0.41,61.5,3183.1,3240.9,3241
12/1/1991,B-1,static,7204.6,7190.6,0.427,7506,0.43,134.6,3137.0,3273.0,3271
4/27/1992,B-1,static,7214.5,7161.6,0.407,7506,0.41,140.3,3225.0,3356.0,3373
6/13/1993,B-1,static,7199.6,7181.6,0.423,7506,0.42,137.1,3169.0,3300.1,3346
11/13/1976,AA-3,static,5500.0,5447.0,0.335,5712,0.34,88.7,2554.0,2645.0,2666
1/19/1979,AA-3,static,5740.1,5687.1,0.333,5712,0.33,8.3,2305.1,2313.4,2313
3/23/1985,AA-1.6,static,4554.7,4501.7,0.152,4930,0.15,65.1,2090.1,2149.0,2155
3/24/1985,AA-3,static,4554.7,4501.7,0.152,5712,0.15,184.1,2090.3,2274.5,2274
10/16/1985,AA-1.6,static,4554.2,4501.7,0.460,4930,0.46,196.8,2005.0,2202.0,2097
11/13/1986,AA-1.6,static,4554.7,4501.7,0.470,4930,0.47,201.2,2068.0,2267.0,2273
6/29/1987,AA-1.6,static,4409.7,4356.7,0.313,4930,0.31,179.3,1956.7,2136.0,2135
11/11/1992,AA-1.6,static,4199.8,4185.7,0.056,4930,0.06,41.8,2082.0,2127.0,2127
11/14/1976,A-1.1,static,6350.0,6134.0,0.279,6650,0.28,144.1,2846.0,3024.0,2939
12/14/1977,A-1.1,static,6789.9,6731.0,0.234,6650,0.23,-18.9,1473.5,1454.3,1454
5/6/1981,A-1.1,static,6600.0,6378.0,0.276,6650,0.28,75.1,2837.0,2915.1,2859
11/21/1981,A-1.1,static,6300.0,6085.0,0.353,6650,0.35,199.3,2738.8,2937.0,2839
5/18/1982,A-1.1,static,5499.9,5324.0,0.280,6650,0.28,371.0,2509.8,2881.7,2793
1/19/1983,A-1.1,static,6450.1,6355.1,0.093,6650,0.09,27.4,2590.9,2590.3,2590
1/27/1983,A-1.1,static,5429.7,5261.0,0.348,6650,0.35,483.4,2354.8,2815.0,2621
8/24/1984,A-1.1,static,6539.9,6477.9,0.329,6650,0.33,56.7,2842.6,2899.3,2899
8/25/1984,A-1.1,static,5430.1,5261.0,0.434,6650,0.43,603.1,2330.7,2934.9,2608
3/25/1985,A-1.1,static,5430.1,5261.0,0.435,6650,0.44,603.5,2334.5,2938.4,2611
10/17/1985,A-1.1,static,5430.1,5261.0,0.431,6650,0.43,598.8,2339.5,2938.7,2618
5/13/1986,A-1.1,static,5429.7,5370.7,0.221,6650,0.22,282.8,2326.0,2608.5,2609
11/14/1986,A-1.1,static,5429.7,5261.0,0.493,6650,0.49,684.2,2316.6,3001.0,2958
6/28/1987,A-1.1,static,5429.7,5261.0,0.426,6650,0.43,592.3,2315.4,2907.3,2859
12/6/1987,A-1.1,static,5429.9,5219.7,0.390,6650,0.39,557.9,2310.2,2863.1,2863
6/24/1988,A-1.1,static,5429.9,5219.7,0.377,6650,0.38,539.3,2304.6,2838.3,2838
6/13/1989,A-1.1,static,5429.9,5219.7,0.386,6650,0.39,552.7,2299.7,2852.4,2852
3/24/1985,AA-4,static,6000.0,5688.0,0.293,5814,0.29,36.9,2505.8,2549.0,2534
10/16/1985,AA-4,static,6000.0,5688.0,0.315,5814,0.32,39.7,2514.7,2549.0,2540
5/31/1986,AA-4,static,4999.7,4804.7,0.286,5814,0.29,288.7,2125.9,2416.5,2417
11/14/1986,AA-4,static,5999.6,5688.0,0.428,5814,0.43,53.9,2478.0,2532.0,2519
6/20/1987,AA-4,static,5999.6,5688.0,0.427,5814,0.43,53.8,2480.8,2536.0,2522
11/12/1992,AA-4,static,5500.0,5273.0,0.374,5814,0.37,202.3,2365.4,2567.7,2366
10/18/1998,AA-4,static,5500.0,5273.0,0.374,5814,0.37,202.3,2240.0,2442.3,2366
