      Date ,BOPD,BWPD,GORcf/bbl ,GasRateMscf,ChokeSize, BLPD 
04/01/1996,1928,150,753,1452,64,2077
05/01/1996,1828,2763,692,1265,64,4591
06/01/1996,481,2077,834,401,0,2557
07/01/1996,2464,2100,746,1839,64,4564
08/01/1996,315,853,558,176,64,1168
09/01/1996,1257,1257,375,471,64,2514
11/01/1996,1438,2634,492,708,64,4072
12/01/1996,1228,819,853,1048,56,2047
15/01/1996,1893,180,815,1542,64,2073
18/01/1996,1917,167,724,1387,0,2083
19/01/1996,779,3335,555,432,0,4113
20/01/1996,1237,824,936,1157,56,2061
21/01/1996,184,1487,1208,222,0,1671
22/01/1996,311,840,271,84,0,1150
23/01/1996,1332,1090,253,337,64,2422
02/02/1996,1234,823,883,1090,56,2057
11/02/1996,2520,2032,1242,3130,56,4552
13/02/1996,1233,822,848,1046,56,2056
14/02/1996,1507,2594,997,1502,56,4101
23/02/1996,1846,183,592,1092,0,2029
24/02/1996,244,1384,1089,266,0,1629
25/02/1996,2450,2040,638,1564,56,4489
26/02/1996,266,843,891,237,0,1109
01/03/1996,1262,1165,260,328,0,2427
02/03/1996,2046,1675,805,1647,0,3722
03/03/1996,609,1828,668,407,0,2437
06/03/1996,1865,200,693,1292,0,2065
07/03/1996,317,816,911,289,64,1133
08/03/1996,1813,247,787,1426,64,2060
10/03/1996,167,1506,7669,1283,64,1673
11/03/1996,1229,819,883,1085,56,2048
12/03/1996,1213,1213,787,954,64,2426
13/03/1996,1794,252,782,1403,0,2045
15/03/1996,1234,1234,571,704,64,2468
17/03/1996,1836,250,657,1206,0,2087
18/03/1996,162,1459,2603,422,64,1621
19/03/1996,571,1911,813,464,64,2482
21/03/1996,2009,1690,891,1790,64,3699
22/03/1996,1834,2668,880,1614,56,4501
23/03/1996,1450,2730,625,906,64,4179
24/03/1996,1242,828,871,1081,56,2069
26/03/1996,1496,2059,581,870,64,3555
28/03/1996,1828,226,749,1370,0,2054
05/04/1996,296,889,574,170,0,1186
06/04/1996,598,1793,934,558,0,2391
07/04/1996,1833,227,764,1400,64,2060
08/04/1996,198,1453,1453,288,64,1651
11/04/1996,1229,1181,347,426,64,2410
20/04/1996,299,851,498,149,64,1151
22/04/1996,202,1482,995,201,64,1684
27/04/1996,1240,1240,181,225,0,2480
29/04/1996,522,1852,212,111,0,2375
03/05/1996,564,1785,165,93,0,2349
06/05/1996,198,1453,6054,1200,56,1651
11/05/1996,285,771,228,65,0,1056
12/05/1996,1277,1133,1135,1450,56,2410
13/05/1996,199,1458,513,102,0,1657
16/05/1996,1845,228,719,1327,0,2073
17/05/1996,455,1938,249,113,64,2393
19/05/1996,1199,833,887,1064,56,2032
20/05/1996,2387,2135,553,1319,0,4522
28/05/1996,519,1839,50,26,64,2357
30/05/1996,1193,795,885,1055,56,1988
01/06/1996,523,1887,187,98,64,2410
02/06/1996,1764,282,726,1281,64,2046
04/06/1996,1194,796,937,1119,56,1991
06/06/1996,1172,781,915,1072,56,1953
10/06/1996,1744,279,935,1631,64,2024
12/06/1996,1768,241,792,1400,64,2009
13/06/1996,1349,2256,1201,1620,56,3605
14/06/1996,520,1844,102,53,64,2364
15/06/1996,1717,327,876,1504,64,2044
16/06/1996,294,795,1404,413,0,1089
17/06/1996,1201,1154,375,451,64,2355
20/06/1996,1699,324,675,1146,64,2022
23/06/1996,1700,348,860,1461,64,2048
26/06/1996,256,769,1521,390,0,1025
27/06/1996,254,762,1516,385,0,1016
30/06/1996,1143,762,981,1122,56,1906
26/07/1996,193,1418,2332,451,64,1612
28/07/1996,1057,705,1193,1261,56,1762
29/07/1996,474,1682,926,439,64,2156
08/08/1996,1007,685,1510,1520,56,1692
10/08/1996,1563,313,1054,1648,0,1876
11/08/1996,193,1419,2585,500,0,1612
12/08/1996,1068,1112,610,652,0,2180
13/08/1996,420,1581,862,362,0,2001
16/08/1996,480,1521,2046,983,0,2002
18/08/1996,1566,321,943,1477,0,1887
22/08/1996,237,1345,1567,372,0,1583
24/08/1996,1535,292,933,1432,0,1828
30/08/1996,1743,1005,972,1695,56,2748
31/08/1996,1014,1064,431,437,0,2077
02/09/1996,607,3014,694,421,0,3621
04/09/1996,720,2916,829,597,0,3636
05/09/1996,1543,2680,572,882,0,4222
06/09/1996,1068,1068,337,360,0,2136
08/09/1996,1092,1049,251,274,0,2141
15/09/1996,441,1657,774,341,0,2098
17/09/1996,1060,650,1074,1138,56,1709
20/09/1996,1026,692,1068,1095,56,1718
21/09/1996,2054,1799,502,1032,64,3853
23/09/1996,467,1537,683,319,0,2004
24/09/1996,463,1550,1983,918,0,2013
25/09/1996,235,636,1191,280,0,871
29/09/1996,448,1587,954,427,0,2034
30/09/1996,278,752,1375,382,0,1029
01/10/1996,447,1680,931,416,0,2127
03/10/1996,178,1343,1433,255,0,1521
04/10/1996,1563,255,859,1342,0,1818
05/10/1996,1036,691,1040,1077,56,1726
06/10/1996,1208,2381,514,621,0,3588
07/10/1996,247,669,1213,300,0,916
08/10/1996,249,672,2459,611,0,920
13/10/1996,1030,687,1105,1138,56,1716
14/10/1996,1590,238,891,1417,0,1828
19/10/1996,479,1604,455,218,0,2083
20/10/1996,228,1293,964,220,0,1521
21/10/1996,234,784,816,191,0,1018
22/10/1996,1030,687,1141,1175,56,1717
23/10/1996,1026,985,280,287,0,2011
27/10/1996,1583,216,805,1274,0,1799
28/10/1996,1032,688,1004,1036,56,1719
02/11/1996,114,1509,2843,323,0,1622
03/11/1996,1721,1072,968,1665,64,2793
05/11/1996,1474,330,1123,1656,64,1805
06/11/1996,1441,360,986,1420,64,1801
07/11/1996,1020,739,1600,1632,56,1759
09/11/1996,193,1418,1039,201,0,1611
10/11/1996,277,647,1291,358,0,924
11/11/1996,428,1518,416,178,0,1946
12/11/1996,1426,357,993,1416,64,1783
15/11/1996,195,1431,1456,284,0,1626
17/11/1996,429,1612,149,64,0,2041
19/11/1996,214,1429,970,207,0,1642
20/11/1996,1020,709,1004,1024,56,1729
21/11/1996,994,994,448,445,0,1988
22/11/1996,440,1562,89,39,0,2002
24/11/1996,1453,298,526,764,64,1750
01/12/1996,1008,969,682,688,0,1977
02/12/1996,303,707,858,260,0,1010
03/12/1996,1434,359,947,1358,64,1793
04/12/1996,1019,679,1064,1084,56,1698
05/12/1996,491,2118,995,489,0,2609
06/12/1996,1051,970,635,667,0,2021
07/12/1996,471,1577,170,80,0,2048
10/12/1996,1448,362,1033,1495,64,1810
11/12/1996,463,1549,408,189,0,2012
15/12/1996,2077,1663,806,1675,56,3740
18/12/1996,1701,3863,212,361,0,5564
20/12/1996,1466,367,827,1213,64,1833
23/12/1996,1046,965,749,783,0,2011
24/12/1996,1037,996,212,220,0,2033
26/12/1996,1425,356,828,1180,64,1781
27/12/1996,1023,682,1144,1171,56,1705
28/12/1996,460,1456,405,186,0,1916
29/12/1996,463,1465,506,234,0,1927
30/12/1996,1481,2483,781,1157,0,3964
31/12/1996,1184,2392,750,888,0,3576
02/01/1997,171,620,164,28,0,791
03/01/1997,204,722,580,118,0,925
04/01/1997,477,1512,398,190,0,1989
05/01/1997,1427,357,878,1253,0,1784
07/01/1997,1192,1733,723,861,0,2924
09/01/1997,1420,312,821,1166,0,1732
11/01/1997,479,1602,351,168,0,2081
12/01/1997,1671,1038,905,1512,0,2709
13/01/1997,992,992,399,396,0,1984
14/01/1997,219,656,992,217,0,875
17/01/1997,182,1471,1172,213,0,1653
18/01/1997,1043,695,964,1005,56,1738
19/01/1997,993,993,348,346,0,1986
28/01/1997,1214,2148,1062,1289,56,3362
29/01/1997,1914,1939,1010,1933,0,3853
30/01/1997,1213,1753,439,533,0,2966
06/02/1997,1207,2125,1143,1380,56,3332
07/02/1997,1036,691,1149,1190,56,1727
10/02/1997,1511,2503,339,513,0,4015
12/02/1997,457,1530,1364,623,0,1987
13/02/1997,442,1566,2078,918,0,2008
15/02/1997,962,962,1113,1070,0,1923
16/02/1997,642,1004,2586,1661,0,1647
21/02/1997,889,102,905,805,32,991
28/02/1997,1455,364,859,1250,64,1819
02/03/1997,1113,1418,1153,1283,56,2530
03/03/1997,176,1422,2787,490,0,1598
04/03/1997,985,985,487,480,0,1970
06/03/1997,452,1489,661,299,0,1941
07/03/1997,2389,1125,917,2191,56,3514
09/03/1997,1382,2277,831,1148,56,3659
12/03/1997,2107,2610,1033,2177,64,4717
13/03/1997,1221,2176,1097,1339,56,3397
14/03/1997,449,1593,211,95,0,2042
15/03/1997,3143,4413,875,2749,64,7556
17/03/1997,207,734,1179,244,0,941
19/03/1997,208,696,1251,260,0,904
22/03/1997,1221,2176,894,1092,56,3397
23/03/1997,204,645,1369,279,0,849
24/03/1997,1897,1893,680,1290,64,3790
27/03/1997,446,1627,258,115,64,2073
28/03/1997,199,798,948,189,64,997
29/03/1997,1542,305,710,1094,64,1847
04/04/1997,1134,1805,281,319,0,2938
05/04/1997,1404,2333,944,1325,56,3736
06/04/1997,1709,1860,657,1122,64,3569
14/04/1997,1109,1594,1186,1315,56,2703
15/04/1997,1464,366,806,1180,64,1830
17/04/1997,1002,1002,429,430,64,2003
18/04/1997,461,1543,855,394,64,2004
19/04/1997,214,652,668,143,64,866
20/04/1997,390,2212,1223,477,64,2602
28/04/1997,187,1512,594,111,64,1699
29/04/1997,1906,1984,805,1534,64,3890
01/05/1997,1982,1740,943,1869,56,3721
02/05/1997,1617,949,951,1538,64,2566
03/05/1997,1879,1944,790,1485,64,3823
05/05/1997,977,977,203,198,0,1954
18/05/1997,441,1563,644,284,0,2003
19/05/1997,1148,1499,1048,1203,56,2647
20/05/1997,894,1092,177,158,0,1986
26/05/1997,1165,1560,982,1144,56,2725
27/05/1997,440,1559,521,229,0,1999
28/05/1997,882,1078,81,71,64,1960
29/05/1997,1564,1863,963,1506,64,3427
31/05/1997,919,1079,177,163,64,1998
02/06/1997,602,3748,472,284,64,4350
05/06/1997,420,1682,459,193,0,2102
06/06/1997,328,1603,76,25,0,1931
07/06/1997,578,3732,853,493,64,4310
10/06/1997,521,3694,1669,870,64,4216
11/06/1997,1063,1819,950,1010,0,2882
12/06/1997,2363,1171,882,2085,56,3533
13/06/1997,239,1750,1789,427,52,1989
14/06/1997,311,1909,1734,539,0,2220
17/06/1997,346,1576,1000,346,0,1922
20/06/1997,376,1190,72,27,0,1566
24/06/1997,398,1591,809,322,0,1989
25/06/1997,401,1606,725,291,0,2007
26/06/1997,396,1583,672,266,0,1979
27/06/1997,1164,2774,1501,1747,0,3937
28/06/1997,2324,1441,722,1678,56,3764
29/06/1997,178,713,1841,328,0,891
09/07/1997,227,2039,2582,585,0,2266
10/07/1997,895,1094,168,150,0,1990
21/07/1997,886,1128,878,778,64,2014
22/07/1997,1184,2789,1600,1895,56,3973
29/07/1997,923,1128,427,394,0,2051
30/07/1997,1805,1978,862,1556,64,3782
31/07/1997,984,773,1103,1086,56,1758
05/08/1997,1469,323,805,1182,0,1791
06/08/1997,1571,4373,1522,2392,64,5944
07/08/1997,1136,1934,1419,1612,0,3070
09/08/1997,576,3646,2720,1567,64,4222
15/08/1997,1423,356,785,1117,64,1778
19/08/1997,222,2001,3206,713,0,2224
03/09/1997,231,821,1517,351,0,1052
04/09/1997,397,1691,888,352,0,2087
06/09/1997,978,1149,805,788,0,2127
07/09/1997,1485,419,774,1150,0,1904
09/09/1997,1045,855,1074,1123,56,1900
10/09/1997,226,2283,1639,370,0,2508
25/09/1997,2433,1314,952,2316,56,3748
26/09/1997,231,821,1517,351,0,1052
30/09/1997,1601,5121,943,1510,0,6722
05/10/1997,1453,434,879,1278,64,1888
06/10/1997,946,946,1076,1018,56,1891
07/10/1997,226,2280,2279,514,64,2505
15/10/1997,1606,3660,928,1491,0,5266
22/10/1997,1837,2172,1127,2070,56,4008
23/10/1997,1570,1278,766,1203,64,2848
24/10/1997,320,1815,1336,428,0,2135
25/10/1997,221,2239,3975,880,0,2461
29/10/1997,901,1101,152,137,0,2002
09/11/1997,976,831,1062,1036,56,1807
10/11/1997,1412,422,784,1107,64,1834
15/11/1997,3201,3301,1144,3662,64,4657
18/11/1997,504,985,324,163,0,1489
25/11/1997,1196,3134,1072,1282,56,4330
26/11/1997,1757,2123,790,1387,64,3880
27/11/1997,496,971,2373,1176,0,1466
28/11/1997,203,813,1521,309,0,1016
02/12/1997,629,1294,441,277,0,1922
03/12/1997,908,983,1085,985,56,1891
04/12/1997,1639,2537,986,1615,64,4176
05/12/1997,253,1513,1168,295,0,1766
06/12/1997,152,708,1045,159,0,860
12/12/1997,708,1062,312,221,0,1770
17/12/1997,1407,397,820,1154,64,1804
18/12/1997,910,985,1087,989,56,1895
21/12/1997,804,1311,976,784,0,2114
22/12/1997,219,823,978,214,0,1042
23/12/1997,531,3881,997,529,0,4412
30/12/1997,1356,382,761,1031,64,1738
31/12/1997,968,893,966,935,56,1861
05/01/1998,1150,3075,1165,1340,56,4225
06/01/1998,811,1216,73,59,0,2027
07/01/1998,1565,1223,871,1364,56,2789
08/01/1998,285,1617,564,161,0,1902
20/01/1998,1308,436,758,991,64,1744
22/01/1998,962,925,1011,973,56,1887
23/01/1998,280,1588,1320,370,0,1868
24/01/1998,210,2126,3030,637,0,2336
25/01/1998,813,1219,734,597,0,2032
27/01/1998,207,734,671,139,0,941
04/02/1998,1360,449,729,992,0,1809
05/02/1998,1233,2538,921,1136,56,3771
06/02/1998,139,2172,2128,295,0,2310
11/02/1998,814,1328,1143,930,0,2141
12/02/1998,208,781,1248,259,0,988
13/02/1998,295,1670,614,181,0,1965
20/02/1998,1345,472,618,831,64,1817
22/02/1998,293,1660,92,27,0,1953
23/02/1998,1154,3000,1138,1313,56,4153
24/02/1998,2155,1923,542,1168,64,4078
25/02/1998,201,756,264,53,0,956
26/02/1998,298,1690,228,68,0,1988
03/03/1998,159,899,1141,181,0,1057
04/03/1998,314,1776,182,57,64,2090
05/03/1998,183,2099,926,169,64,2281
06/03/1998,1781,2119,1010,1799,56,3900
09/03/1998,1291,527,849,1096,64,1818
19/03/1998,1214,654,797,967,64,1867
20/03/1998,830,1209,991,822,0,2038
21/03/1998,1199,3028,1089,1306,56,4227
22/03/1998,325,1842,154,50,0,2167
24/03/1998,1266,517,794,1006,64,1784
31/03/1998,159,899,1141,181,0,1057
02/04/1998,2314,2240,939,2172,44,4554
03/04/1998,219,1971,1557,341,0,2190
04/04/1998,300,1702,1515,455,0,2002
13/04/1998,302,1713,1390,420,0,2015
15/04/1998,830,1209,991,822,0,2038
16/04/1998,768,1153,1169,898,0,1921
21/04/1998,811,1268,905,734,0,2079
24/04/1998,830,1246,1093,908,0,2076
25/04/1998,1493,2305,1020,1523,64,3797
26/04/1998,1131,3055,1290,1459,56,4186
28/04/1998,150,733,1905,286,0,883
15/05/1998,3604,7338,1159,4176,44,10942
21/05/1998,830,1246,1094,908,64,2076
22/05/1998,150,733,1905,286,64,883
29/05/1998,1395,2237,735,1025,64,3632
30/05/1998,1080,2909,1223,1321,56,3989
31/05/1998,597,1665,945,564,64,2262
01/06/1998,126,776,2003,253,64,902
03/06/1998,126,776,2003,253,0,902
04/06/1998,1080,2909,1168,1262,56,3989
05/06/1998,1383,2249,741,1025,64,3632
06/06/1998,588,1674,959,564,0,2262
20/06/1998,924,961,1073,991,56,1885
21/06/1998,1413,2636,1030,1455,64,4048
22/06/1998,300,1702,1515,455,64,2002
24/06/1998,488,1285,2449,1194,64,1773
15/07/1998,3124,6583,1314,4105,56,9707
30/07/1998,2689,6218,1103,2966,0,8907
15/08/1998,2406,6679,916,2203,0,9084
16/08/1998,365,1462,3076,1124,0,1827
18/08/1998,291,1616,144,42,0,1906
19/08/1998,1195,643,914,1092,64,1838
20/08/1998,212,1907,1859,394,0,2119
22/08/1998,179,779,1361,244,64,959
24/08/1998,695,119,764,531,24,814
03/09/1998,470,2395,609,286,0,2865
04/09/1998,365,1462,3076,1124,0,1827
06/09/1998,1672,2738,1377,2303,64,4410
07/09/1998,113,1021,12037,1365,0,1134
08/09/1998,393,730,2218,872,0,1123
09/09/1998,647,893,1186,767,0,1540
10/09/1998,665,919,1890,1257,0,1584
11/09/1998,740,942,1709,1265,0,1683
12/09/1998,785,999,1764,1385,0,1784
13/09/1998,791,1007,1455,1151,0,1798
14/09/1998,580,870,1652,958,56,1450
15/09/1998,768,2781,1966,1510,56,3549
16/09/1998,546,2878,875,478,56,3424
17/09/1998,623,761,2233,1391,56,1384
18/09/1998,545,3156,0,0,44,3701
19/09/1998,835,1063,0,0,0,1898
20/09/1998,932,3058,0,0,56,3990
21/09/1998,2496,4014,629,1569,44,6510
22/09/1998,980,3028,0,0,56,4008
23/09/1998,835,1021,0,0,0,1856
24/09/1998,77,1843,0,0,56,1920
25/09/1998,280,1587,457,128,64,1868
27/09/1998,141,800,2691,380,64,941
03/10/1998,365,1462,3076,1124,0,1827
18/10/1998,2887,4861,977,2821,52,7748
19/10/1998,77,1843,0,0,0,1920
22/10/1998,141,800,2691,380,0,941
23/10/1998,54,460,0,0,0,514
03/11/1998,74,1771,14,1,56,1845
04/11/1998,2266,1732,882,1998,64,3999
05/11/1998,162,917,1174,190,0,1079
10/11/1998,280,1587,457,128,0,1867
13/11/1998,365,1462,3076,1124,0,1827
15/11/1998,1477,727,1246,1840,56,2204
17/11/1998,784,959,1,1,0,1743
18/11/1998,181,1629,6,1,56,1810
20/11/1998,171,728,234,40,0,899
22/11/1998,1522,933,1009,1535,56,2454
28/11/1998,280,1587,457,128,0,1868
02/12/1998,989,2763,2,2,0,3752
09/12/1998,280,1587,457,128,0,1868
11/12/1998,20,2025,8088,165,0,2045
12/12/1998,1401,1429,1105,1548,56,2830
17/12/1998,280,1587,457,128,0,1868
20/12/1998,202,1818,5,1,0,2020
24/12/1998,280,1588,457,128,0,1868
25/12/1998,197,1774,1598,315,0,1971
02/01/1999,2397,4243,1132,2712,56,6640
09/01/1999,40,1979,22426,906,0,2019
16/01/1999,1478,906,861,1272,56,2384
18/01/1999,197,1772,3662,721,0,1969
21/01/1999,186,1051,561,104,0,1237
29/01/1999,715,1073,5261,3763,0,1788
01/02/1999,202,1815,3575,721,0,2017
05/02/1999,1280,853,993,1271,56,2133
12/02/1999,186,848,1553,289,0,1034
13/02/1999,46,2254,4174,192,0,2300
14/02/1999,853,2828,5257,4484,0,3680
15/02/1999,46,2248,6231,286,0,2294
23/02/1999,1262,914,905,1143,56,2177
03/03/1999,2347,6837,2646,6211,56,9185
11/03/1999,45,2227,6256,284,0,2272
17/03/1999,651,863,2126,1384,0,1514
18/03/1999,649,861,2135,1386,0,1510
23/03/1999,1285,969,1047,1345,56,2254
24/03/1999,726,1136,812,590,0,1862
25/03/1999,203,925,1467,298,0,1129
02/04/1999,2226,5291,1131,2517,48,7517
07/04/1999,1212,1074,1114,1350,56,2286
08/04/1999,700,1095,1170,819,0,1795
09/04/1999,729,1049,1305,951,0,1778
13/04/1999,1213,1076,1021,1239,56,2289
14/04/1999,177,864,186,33,0,1042
15/04/1999,178,868,6,1,0,1046
19/04/1999,736,1309,1148,845,64,2045
01/05/1999,45,2227,6256,284,0,2272
03/05/1999,2172,5479,1105,2401,56,7652
10/05/1999,691,1081,1334,922,64,1773
11/05/1999,1284,968,976,1253,56,2252
16/05/1999,173,910,162,28,0,1083
17/05/1999,709,1063,911,646,64,1772
02/06/1999,2211,5168,1000,2211,56,7379
03/06/1999,1237,1054,990,1225,56,2291
10/06/1999,723,920,1374,993,0,1643
14/06/1999,734,974,1328,975,0,1708
15/06/1999,1230,1048,1011,1244,56,2279
23/06/1999,48,2360,1680,81,0,2408
24/06/1999,1264,3446,1122,1418,56,4710
25/06/1999,118,2237,8,1,0,2355
26/06/1999,117,2230,9,1,0,2347
27/06/1999,117,2213,9,1,0,2329
02/07/1999,2239,5131,1081,2421,56,7370
04/07/1999,1175,1001,1138,1336,56,2175
10/07/1999,1199,981,988,1185,56,2180
12/07/1999,181,771,448,81,0,952
27/07/1999,1084,1000,1058,1146,56,2084
30/07/1999,713,907,495,353,0,1620
02/08/1999,176,802,3199,563,0,978
10/08/1999,206,1858,5,1,0,2064
11/08/1999,1296,5030,1082,1402,56,6326
12/08/1999,666,999,1710,1139,0,1665
13/08/1999,622,1060,1885,1173,0,1682
14/08/1999,55,1769,3291,180,0,1824
15/08/1999,1105,1020,1101,1216,56,2124
20/08/1999,187,981,64,12,0,1168
21/08/1999,713,946,1522,1086,0,1659
22/08/1999,92,1753,1647,152,0,1845
24/08/1999,102,2441,905,92,0,2543
26/08/1999,1158,1027,1060,1228,56,2185
01/09/1999,1193,1058,995,1186,56,2250
03/09/1999,189,992,5,1,0,1181
14/09/1999,902,1937,1205,1087,0,2840
15/09/1999,1387,5252,1031,1430,56,6638
16/09/1999,1207,987,996,1202,56,2194
21/09/1999,1165,915,1059,1233,56,2080
24/09/1999,171,967,1143,195,0,1137
27/09/1999,647,2748,1920,1242,0,3395
29/09/1999,1243,3277,809,1005,56,4519
30/09/1999,1119,993,865,968,56,2112
11/10/1999,1124,997,1044,1174,56,2121
12/10/1999,672,928,631,424,0,1600
13/10/1999,308,2807,1695,522,0,3115
14/10/1999,116,2212,4570,532,0,2328
17/10/1999,1113,987,1146,1276,56,2100
18/10/1999,169,960,950,161,0,1129
23/10/1999,1093,1009,1763,1927,56,2102
09/11/1999,1087,1004,1136,1235,56,2091
19/11/1999,1094,1010,1140,1247,56,2104
21/11/1999,664,2524,1363,905,0,3188
22/11/1999,181,952,281,51,0,1133
26/11/1999,132,2507,1068,141,0,2639
11/12/1999,2045,4703,1076,2200,56,6748
15/12/1999,2045,4703,1076,2200,56,6748
23/12/1999,1856,4483,1144,2123,56,6339
26/12/1999,766,4341,2011,1541,0,5107
27/12/1999,827,4035,1662,1374,0,4862
28/12/1999,807,3937,2415,1948,0,4744
29/12/1999,790,3859,2081,1645,0,4649
30/12/1999,786,3835,2041,1603,0,4621
31/12/1999,779,3805,2181,1700,0,4584
01/01/2000,1874,4123,1875,3515,60,4991
02/01/2000,767,3744,1835,1407,0,4511
03/01/2000,186,906,1347,250,0,1092
04/01/2000,721,2375,2395,1726,0,3096
20/01/2000,51,2519,11226,577,0,2570
25/01/2000,140,1857,1552,217,0,1997
26/01/2000,203,1830,2145,436,0,2033
27/01/2000,228,1844,4814,1097,0,2072
28/01/2000,436,1641,2650,1156,0,2077
29/01/2000,557,1507,2745,1530,0,2064
30/01/2000,583,1498,2626,1530,0,2081
31/01/2000,1183,5101,2111,2496,0,6283
01/02/2000,465,3761,1452,675,0,4226
02/02/2000,193,824,57,11,0,1017
03/02/2000,837,1155,2190,1832,0,1992
04/02/2000,949,1159,1697,1610,0,2108
05/02/2000,925,1178,1857,1718,0,2103
06/02/2000,968,1137,1775,1719,0,2105
07/02/2000,1028,3446,2665,2740,0,4474
08/02/2000,665,1182,1126,749,0,1847
11/02/2000,1234,7217,2922,3605,0,8451
12/02/2000,804,3413,2574,2069,0,4217
13/02/2000,2483,7688,1912,4747,0,10171
15/02/2000,1694,4271,2574,4359,0,5965
17/02/2000,575,1116,816,469,0,1691
23/02/2000,893,1007,2517,2247,0,1899
25/03/2000,954,1033,1424,1358,0,1987
28/03/2000,1360,3224,1520,2068,0,4584
01/04/2000,970,1009,1596,1548,0,1979
02/04/2000,2856,10572,1517,4333,0,13428
04/04/2000,1424,3288,1271,1810,0,4712
07/04/2000,158,970,184,29,0,1128
08/04/2000,1236,4862,592,732,0,6098
09/04/2000,172,1982,4248,732,0,2154
12/04/2000,2990,11102,1104,3303,0,14092
23/04/2000,2990,11102,1104,3303,0,14092
30/04/2000,916,6552,1411,1293,0,7468
08/05/2000,1645,2298,848,1396,0,3943
08/06/2000,2990,11102,1104,3303,0,14092
16/06/2000,868,941,1831,1590,0,1809
22/06/2000,872,945,1929,1682,0,1817
29/06/2000,204,1838,3173,648,0,2042
30/06/2000,163,924,3985,650,0,1087
02/07/2000,872,945,1929,1682,0,1817
03/07/2000,2090,9657,1427,2983,0,11747
07/07/2000,354,2618,3759,1330,0,2972
08/07/2000,596,3375,1278,761,0,3970
09/07/2000,489,950,384,188,0,1439
11/07/2000,349,1977,857,299,0,2326
12/07/2000,885,959,1755,1553,0,1844
19/07/2000,438,1023,714,313,0,1461
20/07/2000,903,978,1341,1210,0,1880
21/07/2000,341,2097,1960,669,0,2438
23/07/2000,176,2028,5082,896,0,2204
25/07/2000,124,828,2951,365,0,952
26/07/2000,613,3473,1085,665,0,4086
27/07/2000,835,1020,1630,1361,0,1855
28/07/2000,514,955,474,244,0,1469
29/07/2000,124,828,2948,365,0,952
31/07/2000,194,1126,753,146,0,1320
01/08/2000,161,1147,1168,188,0,1308
02/08/2000,870,2971,716,623,0,3841
07/08/2000,152,1113,86,13,0,1265
15/08/2000,747,2775,1525,1140,0,3522
18/08/2000,238,1013,257,61,0,1251
19/08/2000,901,901,1252,1128,0,1801
20/08/2000,286,1757,941,269,0,2043
22/08/2000,471,1000,491,231,0,1471
26/08/2000,175,1769,3674,643,0,1944
30/08/2000,473,960,239,113,0,1433
31/08/2000,910,910,1268,1154,0,1820
04/09/2000,556,3418,893,497,0,3974
05/09/2000,721,2756,904,652,0,3477
09/09/2000,964,890,1035,998,0,1854
10/09/2000,342,1936,337,115,0,2277
11/09/2000,165,1015,944,156,0,1180
13/09/2000,932,896,1133,1056,0,1828
17/09/2000,983,871,1042,1024,0,1854
20/09/2000,618,3244,1334,824,0,3862
29/09/2000,146,896,905,132,0,1042
30/09/2000,185,1049,924,171,0,1234
02/10/2000,883,919,1182,1044,0,1802
03/10/2000,618,3244,1334,824,0,3862
07/10/2000,834,2678,1587,1323,0,3512
08/10/2000,1301,2914,1043,1357,0,4215
10/10/2000,185,971,946,175,0,1156
12/10/2000,709,2805,1821,1290,0,3513
15/10/2000,316,1942,1812,573,0,2259
16/10/2000,892,888,1640,1462,0,1780
19/10/2000,565,3202,2416,1365,0,3767
20/10/2000,757,2687,1880,1422,0,3443
21/10/2000,1219,2788,1380,1683,0,4007
22/10/2000,613,3476,1363,836,0,4089
23/10/2000,1217,2775,1304,1586,0,3992
24/10/2000,633,3587,1158,733,0,4220
25/10/2000,732,2650,1491,1091,0,3382
26/10/2000,878,878,1186,1041,0,1755
27/10/2000,330,1873,2303,761,0,2203
28/10/2000,601,3408,1179,709,0,4009
29/10/2000,546,3988,1859,1014,0,4534
30/10/2000,686,3602,1065,731,0,4288
01/11/2000,651,3692,2758,1797,0,4343
02/11/2000,640,3625,1380,883,0,4265
03/11/2000,652,2780,1695,1105,0,3432
04/11/2000,1223,2786,1506,1842,0,4009
05/11/2000,595,3373,736,438,0,3969
06/11/2000,1326,1849,1124,1490,0,3175
07/11/2000,1065,2843,2799,2980,0,3908
08/11/2000,331,1873,1624,537,0,2204
09/11/2000,131,1064,1385,182,0,1195
12/11/2000,164,1889,6544,1075,0,2053
13/11/2000,1193,2837,1623,1936,0,4030
17/11/2000,236,2126,2485,587,0,2362
18/11/2000,363,2054,1376,499,0,2417
19/11/2000,283,1134,677,192,0,1417
22/11/2000,491,911,259,127,0,1402
23/11/2000,200,1798,4424,884,0,1998
25/11/2000,868,868,1345,1167,0,1735
29/11/2000,728,2565,904,658,0,3293
04/12/2000,419,933,303,127,0,1352
09/12/2000,882,882,1253,1105,0,1764
10/12/2000,543,2995,1426,774,0,3537
16/12/2000,500,2932,1353,676,0,3432
17/12/2000,173,980,526,91,0,1152
18/12/2000,587,3324,2220,1302,0,3910
19/12/2000,168,954,321,54,0,1122
02/01/2001,515,876,87,45,0,1391
03/01/2001,504,857,230,116,0,1361
04/01/2001,194,1745,3589,696,0,1939
05/01/2001,191,1721,3651,698,0,1912
08/01/2001,171,970,1122,192,0,1141
11/01/2001,593,3362,1724,1023,0,3955
13/01/2001,193,1733,3634,700,0,1926
14/01/2001,481,893,56,27,0,1374
15/01/2001,153,939,1321,202,0,1092
16/01/2001,195,1752,4263,830,0,1947
18/01/2001,887,887,1217,1079,0,1773
26/01/2001,364,1910,1539,560,0,2274
28/01/2001,315,1933,1872,589,0,2248
30/01/2001,183,1646,4183,765,0,1829
02/02/2001,423,987,589,249,0,1410
04/02/2001,285,1613,2220,632,0,1898
09/02/2001,935,864,1181,1105,0,1799
14/02/2001,1216,2737,1402,1705,0,3953
16/02/2001,609,3450,1454,885,0,4059
18/02/2001,1215,2759,1069,1299,0,3974
26/02/2001,310,1903,2085,646,0,2213
27/02/2001,871,871,2079,1810,0,1741
05/03/2001,655,2468,2096,1373,0,3123
07/03/2001,1213,2751,1542,1870,0,3964
08/03/2001,772,4454,1626,1255,0,5226
09/03/2001,184,1042,875,161,0,1226
13/03/2001,917,846,942,864,0,1763
14/03/2001,498,884,685,341,0,1382
15/03/2001,133,1765,7474,993,0,1898
17/03/2001,609,3450,2449,1491,0,4059
19/03/2001,1274,2728,1520,1937,0,4003
20/03/2001,177,1006,3150,559,0,1183
23/03/2001,587,3324,2252,1321,0,3911
28/03/2001,600,3399,2114,1268,0,3999
29/03/2001,603,3420,2050,1237,0,4023
30/03/2001,883,883,1275,1125,0,1765
01/04/2001,173,983,2497,433,0,1156
06/04/2001,132,1757,6413,848,0,1889
07/04/2001,436,847,218,95,0,1283
08/04/2001,330,1873,1250,413,0,2203
09/04/2001,874,874,1251,1093,0,1747
10/04/2001,332,1881,1431,475,0,2213
11/04/2001,525,3511,2146,1126,0,4036
14/04/2001,1433,4313,1594,2284,0,5745
19/04/2001,328,1859,1710,561,0,2187
20/04/2001,346,1814,1328,459,0,2160
23/04/2001,643,3641,1491,958,0,4284
24/04/2001,170,964,1758,299,0,1134
26/04/2001,367,1100,920,337,0,1466
27/04/2001,185,1668,6044,1120,0,1853
28/04/2001,314,1778,2046,642,0,2092
30/04/2001,169,960,1972,334,0,1129
01/05/2001,165,1016,1131,187,0,1181
06/05/2001,334,1894,1481,495,0,2228
08/05/2001,1155,2780,1526,1763,0,3935
10/05/2001,861,861,1362,1172,0,1721
12/05/2001,461,937,1047,483,0,1398
15/05/2001,1327,1614,1080,1433,0,2941
16/05/2001,607,3439,1555,944,0,4046
19/05/2001,173,978,1281,221,0,1150
21/05/2001,174,983,1746,303,0,1157
23/05/2001,176,1582,4983,876,0,1758
24/05/2001,500,929,250,125,0,1429
27/05/2001,738,4455,1587,1171,0,5193
29/05/2001,1139,2580,1169,1331,0,3719
02/06/2001,1140,2576,1247,1422,0,3716
05/06/2001,178,1600,6108,1086,0,1778
07/06/2001,1167,5455,1111,1296,0,6622
08/06/2001,497,924,121,60,0,1421
10/06/2001,782,4507,1120,876,0,5289
13/06/2001,167,944,3001,500,0,1111
14/06/2001,289,1639,989,286,0,1928
16/06/2001,273,1674,1214,331,0,1947
17/06/2001,805,984,1308,1053,0,1789
24/06/2001,329,2019,1509,496,0,2348
25/06/2001,361,2918,3276,1183,0,3279
26/06/2001,516,1002,213,110,0,1519
27/06/2001,547,3658,1623,887,0,4205
06/07/2001,365,2069,2186,798,0,2434
10/07/2001,170,961,1056,179,0,1130
11/07/2001,228,2052,4439,1012,0,2280
12/07/2001,508,943,228,116,0,1451
14/07/2001,663,3760,852,565,0,4423
17/07/2001,289,2121,1311,379,0,2410
18/07/2001,229,2061,3738,856,0,2290
19/07/2001,424,990,26,11,0,1414
22/07/2001,127,932,173,22,0,1059
25/07/2001,839,946,1255,1053,0,1785
28/07/2001,336,2067,1242,418,0,2403
31/07/2001,858,858,1501,1288,0,1716
02/08/2001,179,1012,17,3,0,3
04/08/2001,179,1017,613,110,0,92
05/08/2001,673,2805,1089,733,0,344
06/08/2001,662,3750,1296,858,0,194
08/08/2001,1016,5759,1520,1545,0,487
10/08/2001,847,1078,2096,1775,0,922
11/08/2001,169,955,1542,260,0,231
13/08/2001,674,3818,1288,868,0,193
14/08/2001,348,1971,661,230,0,99
16/08/2001,1853,6743,1435,2658,0,1098
22/08/2001,882,882,1561,1376,0,780
25/08/2001,512,950,483,247,0,169
27/08/2001,157,887,345,54,0,52
05/09/2001,905,870,1038,940,0,1775
12/09/2001,221,1986,4332,956,0,2207
19/09/2001,327,2006,481,157,0,2332
20/09/2001,887,887,1401,1243,0,1774
24/09/2001,233,2101,2712,633,0,2334
26/09/2001,828,934,1139,943,0,1762
29/09/2001,505,937,6,3,0,1442
30/09/2001,746,5728,2512,1873,0,6474
06/11/2001,314,1932,162,51,0,2246
07/11/2001,781,955,1381,1079,0,1736
08/11/2001,361,1082,61,22,0,1443
09/11/2001,114,2164,8077,920,0,2278
11/11/2001,647,5820,1588,1027,0,6467
12/11/2001,438,975,199,87,0,1413
17/11/2001,201,1139,4224,849,0,1340
18/11/2001,827,4689,789,653,0,5516
19/11/2001,360,2037,1633,587,0,2397
20/11/2001,182,1119,1153,210,0,1301
22/11/2001,179,1012,1108,198,0,1191
23/11/2001,352,1992,774,272,0,2344
28/11/2001,357,964,460,164,0,1321
29/11/2001,760,928,1409,1070,0,1688
01/12/2001,354,2006,596,211,0,2360
04/12/2001,178,1009,129,23,0,1187
09/12/2001,1157,2885,1232,1425,0,4042
10/12/2001,661,2734,1054,697,0,3396
14/12/2001,350,1985,1566,548,0,2336
16/12/2001,993,2641,2002,1988,0,3634
17/12/2001,457,849,-291,-133,0,1306
18/12/2001,623,3528,831,518,0,4150
19/12/2001,181,1026,77,14,0,1207
21/12/2001,183,1039,175,32,0,1222
23/12/2001,642,2608,1704,1094,0,3250
29/12/2001,1112,2889,1945,2163,0,4001
31/12/2001,832,5372,2364,1967,0,6204
01/01/2002,793,895,1959,1554,0,1688
04/01/2002,800,4536,1368,1095,0,5336
05/01/2002,205,1842,4157,851,0,2047
06/01/2002,499,926,397,198,0,1425
07/01/2002,338,1916,2464,833,0,2254
08/01/2002,768,865,1842,1414,0,1633
10/01/2002,473,918,461,218,0,1391
13/01/2002,345,1957,2071,715,0,2302
14/01/2002,942,2696,2494,2350,0,3638
15/01/2002,493,2908,4304,2124,0,3401
16/01/2002,380,976,2215,841,0,1356
20/01/2002,293,982,1725,506,0,1275
23/01/2002,161,1076,4247,683,0,1237
25/01/2002,754,960,2075,1565,0,1715
26/01/2002,907,5539,1649,1496,0,6446
27/01/2002,397,3681,3355,1331,0,4078
30/01/2002,388,904,1246,483,0,1292
31/01/2002,152,1750,6092,927,0,1902
01/02/2002,291,1945,2845,827,0,2236
02/02/2002,165,932,1106,182,0,1097
03/02/2002,695,960,1524,1059,0,1655
08/02/2002,456,846,296,135,0,1302
09/02/2002,522,3572,885,462,0,4094
10/02/2002,859,825,1338,1149,0,1684
13/02/2002,152,864,6529,995,0,1016
15/02/2002,695,5544,1238,861,0,6240
17/02/2002,180,1618,1763,317,0,1798
18/02/2002,185,1665,1962,363,0,1850
19/02/2002,455,845,382,174,0,1300
23/02/2002,841,841,1245,1047,0,1682
03/03/2002,2329,9759,1477,3440,0,12088
08/03/2002,614,2624,1213,745,0,3238
15/03/2002,350,1983,2669,934,0,2333
16/03/2002,1240,4599,1866,2314,0,5839
17/03/2002,324,973,2149,697,0,1297
21/03/2002,756,963,1559,1179,0,1719
24/03/2002,177,1001,1048,185,0,1177
25/03/2002,424,3816,2677,1135,0,4240
27/03/2002,510,2673,2958,1509,0,3183
30/03/2002,776,948,1986,1541,0,1724
31/03/2002,125,963,4149,519,0,1088
01/04/2002,1302,6925,1767,2300,0,8227
02/04/2002,792,968,1365,1081,0,1760
06/04/2002,108,662,2041,220,0,770
09/04/2002,679,977,1527,1037,0,1656
13/04/2002,454,3670,2639,1197,0,4124
14/04/2002,526,4619,2357,1240,0,5145
15/04/2002,541,3116,3140,1699,0,3657
16/04/2002,95,1796,4931,466,0,1890
18/04/2002,415,2788,4636,1922,0,3203
19/04/2002,467,3782,3417,1597,0,4249
20/04/2002,589,4145,3025,1782,0,4734
22/04/2002,583,2182,925,539,0,2765
28/04/2002,141,830,1108,156,0,971
29/04/2002,750,2815,2201,1652,0,3565
30/04/2002,1219,5431,1690,2060,0,6650
12/05/2002,1317,4692,4256,5605,0,6009
13/05/2002,359,2035,6909,2481,0,2394
14/05/2002,338,1014,7160,2420,0,1352
16/05/2002,145,1922,15791,2285,0,2067
22/05/2002,418,3764,4113,1720,0,4182
24/05/2002,771,2968,1859,1433,0,3739
25/05/2002,364,936,1297,472,0,1300
26/05/2002,126,925,880,111,0,1051
27/05/2002,356,2016,2015,717,0,2372
29/05/2002,100,1897,3477,347,0,1997
04/06/2002,847,2727,1635,1385,0,3574
10/06/2002,514,3439,1816,933,0,3953
11/06/2002,927,5470,1304,1209,0,6397
12/06/2002,792,2776,1002,793,0,3568
13/06/2002,836,870,1098,918,0,1706
14/06/2002,146,1799,2419,353,0,1945
16/06/2002,345,933,75,26,0,1278
20/06/2002,163,1002,319,52,0,1165
24/06/2002,740,1064,1424,1053,0,1804
25/06/2002,159,1826,2626,417,0,1985
26/06/2002,714,985,1319,941,0,1699
04/07/2002,420,779,584,245,0,1199
09/07/2002,184,1654,4347,799,0,1838
11/07/2002,267,1961,3399,909,0,2228
12/07/2002,296,3933,2111,625,0,4229
16/07/2002,720,995,1399,1008,0,1715
18/07/2002,320,1965,1432,458,0,2285
19/07/2002,100,902,569,57,0,1002
22/07/2002,507,2680,2059,1043,0,3187
24/07/2002,750,1035,1519,1139,0,1785
28/07/2002,296,3929,2326,688,0,4225
29/07/2002,975,2782,1555,1516,0,3757
31/07/2002,132,883,1463,193,0,1015
15/09/2002,738,979,1655,1222,0,0
16/09/2002,258,2084,2554,658,0,0
17/09/2002,273,966,2957,806,0,0
28/09/2002,169,1712,2363,400,0,0
29/09/2002,434,4724,3651,1585,0,0
30/09/2002,283,1002,64,18,0,0
04/10/2002,679,1063,1872,1272,0,1742
16/10/2002,931,3031,2378,2215,0,3962
17/10/2002,327,2916,4869,1593,0,3243
18/10/2002,217,2681,2852,620,0,2898
19/10/2002,92,828,10728,987,0,920
20/10/2002,201,3815,239,48,0,4016
21/10/2002,89,903,4401,393,0,992
22/10/2002,162,1860,5661,916,0,2022
23/10/2002,175,990,1722,301,0,1165
24/10/2002,359,3627,1383,496,0,3986
29/10/2002,131,1178,3850,504,0,1309
31/10/2002,726,962,1465,1063,0,1688
01/11/2002,385,3468,1845,711,0,3853
02/11/2002,226,2031,1994,450,0,2257
03/11/2002,101,912,1816,184,0,1014
06/11/2002,324,971,427,138,0,1294
07/11/2002,108,1694,5874,635,0,1802
11/11/2002,675,895,2042,1379,0,1571
12/11/2002,77,886,3243,250,0,963
16/11/2002,771,943,1783,1375,0,1714
17/11/2002,169,958,4802,812,0,1127
24/11/2002,1046,3857,2461,2573,0,4903
25/11/2002,448,4523,6319,2832,0,4972
30/11/2002,761,912,1890,1439,0,1673
05/12/2002,691,995,1970,1362,0,1686
12/12/2002,771,942,1389,1071,0,1713
14/12/2002,205,2620,6615,1354,0,2825
24/12/2002,696,961,1582,1101,0,1657
27/12/2002,220,879,2171,477,0,1099
28/12/2002,95,1796,4461,422,0,1891
29/12/2002,84,804,3175,268,0,888
02/01/2003,232,2089,3072,713,0,0
03/01/2003,743,984,1589,1180,0,0
10/01/2003,277,2914,3363,931,0,0
11/01/2003,312,3587,2792,871,0,0
16/01/2003,738,1706,1486,1097,0,0
18/01/2003,713,945,1296,924,0,0
19/01/2003,733,921,1691,1239,0,0
20/01/2003,316,3633,380,120,0,0
23/01/2003,381,3432,401,153,0,0
24/01/2003,739,940,1298,959,0,0
27/01/2003,283,2925,3608,1020,0,0
29/01/2003,237,2134,1561,370,0,0
30/01/2003,718,992,1332,957,0,0
04/02/2003,101,1917,5719,577,0,2018
06/02/2003,177,1182,2017,356,0,1358
08/02/2003,214,2167,2165,464,0,2381
09/02/2003,647,1011,1905,1232,0,1658
12/02/2003,274,3643,3231,886,0,3917
14/02/2003,88,856,2722,239,0,944
22/02/2003,560,1247,1798,1007,0,1807
24/02/2003,396,3169,2610,1033,0,3565
25/02/2003,117,1828,5861,684,0,1945
04/03/2003,778,950,1309,1018,0,1728
13/03/2003,312,2989,2885,901,0,3301
26/03/2003,97,1842,4675,453,0,1939
31/03/2003,88,856,1002,88,0,944
01/04/2003,1302,6925,1767,2300,0,8227
06/04/2003,108,662,2041,220,0,770
09/04/2003,679,977,1527,1037,0,1656
14/04/2003,368,3725,1745,643,0,4093
15/04/2003,236,1076,2718,642,0,1312
16/04/2003,95,1796,4931,466,0,1890
20/04/2003,242,2178,2070,501,0,2420
22/04/2003,583,2182,925,539,0,2765
29/04/2003,750,2815,2201,1652,0,3565
30/04/2003,537,4448,1739,933,0,4985
01/05/2003,238,2146,2450,584,0,2384
04/05/2003,784,885,1455,1141,0,1669
06/05/2003,136,1805,6313,858,0,1941
13/05/2003,262,2120,2920,765,0,2382
14/05/2003,120,1882,8185,983,0,2002
15/05/2003,329,3786,3509,1155,0,4115
16/05/2003,724,885,1441,1043,0,1609
20/05/2003,887,1609,1499,1329,0,2496
21/05/2003,94,844,3753,352,0,938
25/05/2003,841,851,1145,963,0,1692
28/05/2003,641,1047,1498,961,0,1688
01/06/2003,584,2773,2600,1518,0,3357
02/06/2003,492,913,1145,563,0,1405
03/06/2003,456,969,1138,519,0,1425
04/06/2003,74,1779,7112,527,0,1853
11/06/2003,707,899,1227,867,0,1606
13/06/2003,412,2865,2532,1043,0,3277
14/06/2003,964,2926,1411,1360,0,3890
17/06/2003,64,844,6289,400,0,908
18/06/2003,93,833,22495,2083,0,926
19/06/2003,653,932,1389,907,0,1585
24/06/2003,711,982,1281,911,0,1693
25/06/2003,378,2879,2062,780,0,3257
01/07/2003,208,3945,2934,609,0,4153
04/07/2003,81,821,1687,137,0,902
07/07/2003,137,1817,3158,432,0,1954
08/07/2003,141,1874,3062,432,0,2015
10/07/2003,369,950,1598,590,0,1319
11/07/2003,247,3872,2222,549,0,4119
20/07/2003,392,3022,2796,1096,0,3414
21/07/2003,114,765,568,65,0,880
23/07/2003,237,2129,2257,534,0,2366
26/07/2003,785,850,1159,910,0,1635
28/07/2003,302,1207,351,106,0,1509
31/07/2003,790,5923,1507,1190,0,6713
03/08/2003,205,3894,2147,440,0,4099
04/08/2003,159,925,3520,561,0,1084
05/08/2003,985,4735,1580,1556,0,5720
06/08/2003,116,685,2195,255,0,801
07/08/2003,131,661,1952,255,0,792
10/08/2003,312,1075,2464,769,0,1387
11/08/2003,257,1170,2250,578,0,1427
12/08/2003,709,885,1294,918,0,1594
13/08/2003,401,2790,1957,785,0,3191
14/08/2003,92,1745,4594,422,0,1837
15/08/2003,208,1868,2877,597,0,2075
23/08/2003,808,875,1119,904,0,1684
29/08/2003,1753,10125,1921,3367,0,11878
07/09/2003,758,926,1466,1111,0,1684
10/09/2003,843,843,1119,943,0,1685
16/09/2003,823,823,1116,918,0,1645
18/09/2003,334,2838,2973,994,0,3172
01/10/2003,1314,5224,1950,2561,0,6538
02/10/2003,206,1858,1066,220,64,2064
04/10/2003,129,2451,1140,147,64,2580
07/10/2003,1018,2207,1486,1513,64,3225
08/10/2003,162,1461,3795,616,64,1623
16/10/2003,682,1023,1446,986,64,1705
17/10/2003,75,676,360,27,64,751
18/10/2003,326,2850,3030,989,64,3177
19/10/2003,236,2120,2972,700,64,2356
20/10/2003,913,3143,1958,1788,64,4057
23/10/2003,418,3758,826,345,64,4176
24/10/2003,158,2993,273,43,64,3151
26/10/2003,168,1937,2981,502,64,2105
27/10/2003,477,3076,3471,1657,64,3554
30/10/2003,746,911,1342,1001,64,1657
31/10/2003,124,704,427,53,64,828
04/11/2003,776,2121,1808,1402,64,2897
06/11/2003,540,1049,2093,1131,64,1589
12/11/2003,586,998,1472,863,64,1584
13/11/2003,74,670,5323,396,64,744
14/11/2003,134,1272,699,94,92,1406
15/11/2003,269,1971,714,192,64,2240
16/11/2003,196,1071,1644,323,64,1267
17/11/2003,446,2707,1593,711,48,3153
18/11/2003,640,960,1433,917,64,1600
20/11/2003,334,1892,3921,1311,64,2227
21/11/2003,641,962,1225,785,64,1603
22/11/2003,659,988,1301,857,64,1647
23/11/2003,81,929,1349,109,28,1010
24/11/2003,957,1705,1835,1757,36,2663
25/11/2003,115,934,5746,663,42,1049
27/11/2003,126,845,1790,226,36,971
28/11/2003,112,822,1383,155,36,934
29/11/2003,141,798,1228,173,36,939
30/11/2003,143,1902,866,124,42,2045
02/12/2003,364,1712,2043,743,42,2076
06/12/2003,662,993,1325,877,64,1654
07/12/2003,71,635,1092,77,64,705
13/12/2003,719,879,1222,879,64,1598
18/12/2003,745,911,1213,904,64,1656
24/12/2003,734,946,1192,875,64,1680
25/12/2003,148,469,513,76,64,617
26/12/2003,919,2884,1927,1771,32,3803
04/01/2004,638,1040,1112,709,64,1678
05/01/2004,600,1035,1118,671,64,1635
06/01/2004,67,604,1117,75,64,672
07/01/2004,27,515,33690,913,32,542
08/01/2004,532,3259,2492,1326,36,3792
13/01/2004,548,1064,1432,785,64,1612
15/01/2004,87,579,162,14,64,666
16/01/2004,334,1891,2790,931,64,2225
18/01/2004,671,1570,1087,729,64,2241
19/01/2004,338,1913,1324,447,64,2251
20/01/2004,331,3812,2489,825,64,4143
21/01/2004,635,953,1162,738,64,1588
23/01/2004,552,1026,1735,958,64,1578
25/01/2004,364,1092,1676,610,64,1456
26/01/2004,162,1455,2468,399,64,1617
27/01/2004,318,1197,1427,454,64,1515
29/01/2004,166,1614,2495,413,64,1780
30/01/2004,237,1119,3835,910,64,1356
31/01/2004,1119,1892,973,1088,64,3010
02/02/2004,770,835,984,758,0,1605
03/02/2004,162,1461,1972,320,0,1623
04/02/2004,802,824,877,703,0,1626
05/02/2004,382,2605,1477,564,64,2987
06/02/2004,688,1032,1028,707,64,1720
08/02/2004,72,532,400,29,64,604
09/02/2004,639,988,1368,875,64,1627
16/02/2004,710,953,1242,882,64,1663
18/02/2004,190,2972,4892,928,52,3162
21/02/2004,297,1987,475,141,64,2284
23/02/2004,965,3756,1491,1438,64,4721
25/02/2004,286,1196,2758,789,64,1482
26/02/2004,762,931,1289,982,64,1693
28/02/2004,442,1259,1976,874,64,1701
29/02/2004,496,1006,1693,839,64,1502
01/03/2004,427,1280,2755,1175,64,1706
02/03/2004,186,2134,1821,338,64,2320
04/03/2004,67,605,1563,105,64,672
06/03/2004,218,1283,4875,1061,64,1501
07/03/2004,144,2727,26433,3794,64,2871
08/03/2004,335,3109,6333,2122,30,3444
09/03/2004,108,1696,11387,1233,40,1805
12/03/2004,560,1163,2419,1355,64,1724
13/03/2004,136,2123,3077,417,40,2258
14/03/2004,251,2033,3907,982,64,2285
17/03/2004,659,1076,2631,1735,64,1735
20/03/2004,698,1047,2354,1643,64,1745
28/03/2004,72,644,113017,8092,40,716
29/03/2004,41,778,164371,6731,40,819
01/04/2004,41,778,164371,6731,40,819
02/04/2004,63,988,117575,7415,40,1051
03/04/2004,67,1045,103603,6913,40,1112
04/04/2004,637,1085,2753,1754,64,1722
05/04/2004,135,2123,3078,417,40,2258
07/04/2004,218,2623,61300,13370,40,2841
09/04/2004,242,1104,3776,915,64,1346
10/04/2004,696,1014,2560,1781,64,1710
11/04/2004,216,3078,25010,5394,64,3294
12/04/2004,196,1109,9423,1844,64,1305
13/04/2004,930,2044,3303,3072,64,2974
14/04/2004,107,2166,2939,314,40,2273
16/04/2004,380,2540,6259,2376,64,2920
17/04/2004,288,2594,8369,2412,64,2882
19/04/2004,693,881,2996,2075,64,1574
20/04/2004,75,675,3227,242,64,750
21/04/2004,214,2568,22576,4836,64,2782
22/04/2004,63,1194,2673,168,32,1257
26/04/2004,788,3734,5312,4185,64,4522
28/04/2004,154,944,13668,2101,44,1098
30/04/2004,298,2678,13069,3889,64,2976
02/05/2004,219,1242,3167,694,64,1461
03/05/2004,785,960,2812,2208,64,1745
04/05/2004,302,2716,13408,4046,64,3018
06/05/2004,691,880,3403,2353,64,1572
07/05/2004,120,803,4333,520,32,923
08/05/2004,312,1106,2642,824,64,1418
09/05/2004,334,3915,7410,2474,64,4249
11/05/2004,846,2125,3067,2595,64,2971
12/05/2004,342,2310,3330,1138,64,2651
13/05/2004,113,825,4878,549,32,938
15/05/2004,195,1108,1407,275,64,1303
18/05/2004,283,1875,1860,527,32,2158
19/05/2004,696,851,3198,2226,64,1547
24/05/2004,202,1290,3015,608,28,1492
26/05/2004,18,345,7328,133,32,363
27/05/2004,100,730,2430,242,32,830
28/05/2004,734,897,2567,1883,64,1630
30/05/2004,150,2853,25754,3867,64,3003
31/05/2004,368,2697,5704,2098,64,3065
01/06/2004,219,4156,78,17,64,4375
03/06/2004,334,1120,2584,864,64,1454
05/06/2004,381,2553,2003,764,64,2934
07/06/2004,677,934,3101,2098,64,1611
08/06/2004,152,1117,4301,655,64,1269
12/06/2004,377,5147,10586,3991,96,5524
14/06/2004,271,1084,428,116,64,1355
15/06/2004,613,1000,3384,2074,64,1613
17/06/2004,215,1217,1882,404,64,1431
18/06/2004,275,1251,2528,694,64,1525
21/06/2004,661,4995,2980,1970,40,5656
22/06/2004,277,2489,4140,1145,64,2766
23/06/2004,145,2763,1279,186,48,2908
24/06/2004,243,1276,3085,750,64,1519
25/06/2004,943,3403,3400,3206,128,4346
26/06/2004,270,2430,3422,924,64,2700
28/06/2004,137,1107,7208,986,64,1244
29/06/2004,150,2853,25763,3867,64,3003
30/06/2004,149,2832,309,46,48,2981
01/07/2004,669,1004,3195,2138,64,1673
02/07/2004,216,1328,3034,656,64,1544
03/07/2004,746,2119,3468,2587,30,2865
05/07/2004,127,1142,5729,727,64,1269
06/07/2004,282,2282,3357,947,64,2564
09/07/2004,633,1033,2720,1722,64,1666
10/07/2004,256,2307,2825,724,64,2563
18/07/2004,209,1286,1543,323,64,1495
19/07/2004,751,917,2453,1841,64,1668
20/07/2004,611,2229,1205,736,24,2840
24/07/2004,682,1023,2603,1776,64,1706
28/07/2004,258,2325,1614,417,64,2583
29/07/2004,188,1156,2077,391,64,1344
30/07/2004,676,1014,2678,1810,64,1690
02/08/2004,224,2336,4665,1044,64,2560
06/08/2004,788,2136,2975,2345,64,2924
09/08/2004,249,2243,1946,485,64,2492
12/08/2004,131,2059,556,73,40,2190
14/08/2004,885,3031,2484,2198,64,3916
15/08/2004,230,2072,1043,240,64,2302
16/08/2004,618,926,2858,1765,64,1544
17/08/2004,700,1050,2209,1546,64,1750
18/08/2004,48,909,2547,122,36,957
19/08/2004,193,1416,699,135,64,1610
23/08/2004,138,1113,4557,627,64,1251
29/08/2004,193,1416,1352,261,64,1609
30/08/2004,122,1096,5558,677,64,1218
01/09/2004,672,1051,3069,2062,64,1723
02/09/2004,186,4456,409,76,64,4642
06/09/2004,287,1307,1896,544,64,1594
08/09/2004,234,2110,1369,321,64,2344
12/09/2004,646,968,3403,2197,64,1614
18/09/2004,336,7309,11741,3943,64,7645
19/09/2004,301,1372,1531,461,64,1673
22/09/2004,131,2059,556,73,40,2190
23/09/2004,615,849,3407,2095,64,1464
24/09/2004,186,4456,302,56,64,4642
25/09/2004,782,3034,2940,2298,26,3816
26/09/2004,292,1168,3062,894,64,1460
29/09/2004,116,1045,6641,771,44,1161
04/10/2004,569,970,4015,2286,64,1539
05/10/2004,291,1163,3004,873,52,1453
06/10/2004,341,1362,2231,760,64,1703
07/10/2004,305,2041,2771,845,64,2346
08/10/2004,347,1966,1260,437,64,2313
09/10/2004,329,1318,1794,591,52,1647
11/10/2004,540,1004,3986,2154,64,1544
12/10/2004,264,1497,1738,459,52,1761
14/10/2004,26,496,13180,344,32,522
15/10/2004,538,999,2900,1560,64,1537
17/10/2004,267,1514,1860,497,52,1781
19/10/2004,301,1285,3504,1056,52,1586
20/10/2004,513,996,4331,2222,64,1509
26/10/2004,525,974,4258,2234,64,1499
28/10/2004,285,1299,2862,816,64,1584
29/10/2004,186,2465,577,107,40,2651
31/10/2004,681,799,3355,2284,64,1480
01/11/2004,143,1283,5796,826,64,1425
02/11/2004,339,3900,525,178,64,4239
03/11/2004,332,2038,2556,848,64,2370
05/11/2004,642,785,3535,2270,64,1427
06/11/2004,106,2010,4716,499,64,2116
09/11/2004,375,4082,5353,2005,64,4457
10/11/2004,141,1267,5398,760,64,1408
14/11/2004,543,814,4188,2273,64,1357
16/11/2004,344,1951,1929,664,64,2295
21/11/2004,126,3019,10588,1332,64,3145
22/11/2004,980,4476,2824,2768,64,5456
23/11/2004,337,1907,2252,758,64,2244
24/11/2004,205,1159,2566,525,64,1364
25/11/2004,686,743,3279,2249,64,1429
26/11/2004,645,822,3560,2298,64,1467
30/11/2004,617,786,3726,2300,64,1403
02/12/2004,319,3665,433,138,64,3984
07/12/2004,585,776,4000,2341,64,1361
10/12/2004,617,754,3656,2254,64,1370
13/12/2004,264,1205,439,116,64,1469
15/12/2004,42,802,51019,2153,32,844
17/12/2004,17,823,20476,344,32,840
21/12/2004,636,718,3350,2132,64,1354
22/12/2004,204,3204,743,152,52,3408
24/12/2004,198,1040,1938,384,64,1238
25/12/2004,341,1932,631,215,64,2273
26/12/2004,181,1112,1994,361,64,1293
27/12/2004,312,1917,763,238,64,2229
28/12/2004,315,1934,1474,464,64,2249
04/01/2005,604,738,3009,1817,64,1342
06/01/2005,323,1378,1386,448,64,1701
07/01/2005,213,1719,871,185,64,1932
09/01/2005,168,1029,2620,439,64,1197
10/01/2005,168,1034,2585,435,64,1202
16/01/2005,191,1005,3141,601,64,1196
17/01/2005,255,1243,1893,482,64,1498
25/01/2005,16,764,16538,258,24,780
27/01/2005,691,2272,3204,2215,24,2963
28/01/2005,249,1218,1800,449,64,1467
29/01/2005,254,2058,897,228,64,2312
30/01/2005,275,2014,142,39,64,2289
31/01/2005,200,1136,2894,580,64,1336
02/02/2005,570,787,3858,2199,64,1357
03/02/2005,45,401,448,20,16,446
04/02/2005,437,1865,718,314,64,2302
06/02/2005,190,1077,863,164,64,1267
09/02/2005,356,2015,1077,383,64,2370
10/02/2005,522,783,4224,2205,64,1305
11/02/2005,214,1213,3191,683,64,1427
16/02/2005,268,1221,3130,839,64,1489
18/02/2005,559,773,4065,2274,64,1332
23/02/2005,362,4442,1066,386,24,4804
25/02/2005,11,1135,23195,266,64,1147
28/02/2005,256,2876,3598,920,64,3132
02/03/2005,207,1086,464,96,64,1293
04/03/2005,218,1964,1471,321,64,2182
12/03/2005,233,1322,682,159,64,1555
13/03/2005,508,830,4695,2387,64,1338
14/03/2005,440,4641,609,268,64,5081
16/03/2005,752,2162,4669,3509,64,2914
17/03/2005,534,3186,2114,1129,64,3720
22/03/2005,341,1930,3445,1173,64,2270
25/03/2005,212,1113,585,124,64,1325
27/03/2005,276,1349,1669,461,64,1625
29/03/2005,879,4150,3825,3362,36,5029
30/03/2005,215,4091,251,54,64,4306
31/03/2005,185,1051,1063,197,64,1236
02/04/2005,16,795,2096,34,36,811
04/04/2005,297,1821,1939,575,64,2118
05/04/2005,534,801,3185,1701,64,1335
06/04/2005,507,5792,1152,584,64,6299
10/04/2005,578,766,2618,1513,64,1344
15/04/2005,202,1062,623,126,64,1264
16/04/2005,398,5212,603,240,64,5610
20/04/2005,196,1112,1091,214,64,1308
22/04/2005,301,1282,2724,819,64,1583
23/04/2005,290,1160,4438,1287,64,1450
27/04/2005,24,774,5305,127,36,798
29/04/2005,681,681,3052,2077,64,1361
30/04/2005,366,1224,593,217,64,1590
04/05/2005,655,800,3601,2358,64,1455
08/05/2005,176,999,2473,436,64,1176
09/05/2005,326,1305,1082,353,64,1631
11/05/2005,716,875,3434,2459,64,1591
12/05/2005,249,2237,519,129,36,2485
14/05/2005,338,1917,2229,754,64,2255
16/05/2005,312,1247,1658,517,64,1559
17/05/2005,24,774,5314,127,36,798
18/05/2005,164,1005,3460,566,64,1168
19/05/2005,306,3091,716,219,48,3397
20/05/2005,591,723,4181,2472,64,1314
26/05/2005,587,748,4159,2443,64,1335
30/05/2005,458,717,5202,2384,64,1175
31/05/2005,297,1186,1831,543,64,1483
10/06/2005,565,749,5735,3240,64,1314
12/06/2005,237,1158,2809,666,64,1395
14/06/2005,268,1220,1945,521,64,1488
15/06/2005,175,1074,3333,583,64,1249
16/06/2005,765,4064,3423,2617,22,4829
17/06/2005,518,5550,11518,5965,64,6068
19/06/2005,311,1242,1008,313,64,1553
25/06/2005,242,4592,1001,242,64,4834
26/06/2005,519,779,4401,2285,64,1298
27/06/2005,305,1221,917,280,64,1526
29/06/2005,168,949,5851,980,64,1117
03/07/2005,923,3433,4723,4358,64,4355
04/07/2005,257,1171,1612,414,64,1427
06/07/2005,464,3608,1810,840,20,4072
08/07/2005,643,819,3984,2563,64,1462
12/07/2005,648,702,2196,1422,64,1349
20/07/2005,761,1815,3187,2426,64,2576
21/07/2005,402,4060,154,62,64,4461
23/07/2005,269,1076,2540,683,64,1345
27/07/2005,149,994,1682,250,64,1143
06/08/2005,242,1103,3099,750,64,1345
07/08/2005,618,696,2649,1636,64,1314
08/08/2005,568,5320,1326,753,64,5888
09/08/2005,278,1992,1685,469,64,2270
21/08/2005,120,1083,6877,828,64,1204
24/08/2005,16,798,4356,71,64,814
29/08/2005,164,929,2970,487,64,1093
31/08/2005,368,2697,5704,2098,64,3065
02/09/2005,353,1724,1733,612,64,2077
05/09/2005,405,4727,410,166,64,5132
06/09/2005,187,1058,2208,412,64,1244
11/09/2005,526,757,3136,1650,64,1283
14/09/2005,252,1072,2517,633,64,1324
26/09/2005,856,2546,2279,1950,64,3402
27/09/2005,269,1077,1081,291,64,1346
29/09/2005,177,1089,2042,362,64,1266
02/10/2005,303,1717,1637,496,64,2020
03/10/2005,208,2767,374,78,48,2975
07/10/2005,462,937,3562,1644,64,1398
10/10/2005,195,1103,966,188,64,1298
13/10/2005,259,1182,1624,421,64,1441
23/10/2005,361,2262,3243,1171,64,2623
24/10/2005,359,5036,1239,445,64,5396
25/10/2005,449,1717,3116,1398,64,2165
26/10/2005,211,1197,1330,281,64,1408
27/10/2005,430,1004,3009,1294,64,1434
29/10/2005,586,746,2148,1259,64,1332
31/10/2005,566,782,2216,1255,64,1349
05/02/2006,13,630,5969,77,64,643
06/02/2006,512,871,4649,2379,64,1383
07/02/2006,354,2342,2819,997,64,2696
08/02/2006,210,1288,2179,457,64,1498
10/02/2006,234,4450,1482,347,64,4684
26/02/2006,503,821,6237,3137,64,1324
28/02/2006,285,4789,3220,918,64,5074
02/03/2006,10,472,34896,335,64,482
14/03/2006,104,1191,8571,888,64,1295
17/03/2006,521,888,6128,3195,64,1409
18/03/2006,218,1341,5295,1156,64,1559
25/03/2006,239,4539,5626,1344,64,4778
26/03/2006,101,1163,11958,1209,64,1264
27/03/2006,284,4448,4174,1185,64,4732
30/03/2006,216,1328,6298,1361,64,1544
31/03/2006,188,3563,288,54,64,3751
02/04/2006,296,5142,4938,1463,64,5439
04/04/2006,228,1400,6692,1525,64,1628
07/04/2006,719,2095,4083,2934,64,2814
12/04/2006,805,2251,5412,4357,64,3057
14/04/2006,16,788,35280,568,64,804
15/04/2006,269,3574,2572,692,64,3843
16/04/2006,133,1194,1477,196,64,1327
19/04/2006,208,1389,7311,1517,64,1596
21/04/2006,563,845,5456,3072,64,1408
28/04/2006,14,699,34895,499,64,713
29/04/2006,261,4093,3119,815,64,4355
30/04/2006,229,1404,2661,608,64,1632
02/05/2006,390,5251,2737,1067,64,5641
03/05/2006,132,1190,1853,245,64,1322
06/05/2006,593,890,5322,3157,64,1483
07/05/2006,134,1203,4480,599,64,1337
12/05/2006,210,1405,7141,1499,64,1615
13/05/2006,14,690,79574,1122,64,704
21/05/2006,697,963,4384,3055,64,1659
06/06/2006,134,1082,11825,1581,64,1215
11/06/2006,153,1377,4330,662,64,1529
12/06/2006,211,4006,3525,743,64,4216
14/06/2006,132,1186,9074,1196,64,1318
15/06/2006,26,1276,4500,117,64,1302
24/06/2006,151,1110,7647,1157,64,1261
30/06/2006,595,893,5297,3152,64,1488
04/07/2006,633,949,4558,2884,64,1582
05/07/2006,224,3510,3806,853,64,3734
08/07/2006,156,1141,7828,1218,64,1296
10/07/2006,146,1312,9822,1432,64,1458
13/07/2006,25,1210,850,21,64,1234
16/07/2006,839,4406,4103,3444,64,5246
18/07/2006,155,1133,2710,419,64,1288
20/07/2006,169,1129,6716,1133,64,1298
02/08/2006,169,1129,6716,1133,64,1298
09/08/2006,415,3354,2449,1015,64,3769
14/08/2006,137,1232,11329,1551,64,1369
15/08/2006,35,1130,6686,234,64,1165
31/08/2006,861,2070,4759,4099,64,2931
02/09/2006,212,1204,7411,1574,0,1416
03/09/2006,90,1709,4227,380,0,1799
04/09/2006,128,2438,3016,387,0,2567
05/09/2006,320,4048,3325,1065,0,4368
06/09/2006,897,3724,2955,2649,0,4620
07/09/2006,443,3247,1098,486,0,3689
10/09/2006,146,1072,3833,560,0,1218
13/09/2006,431,3159,1017,438,0,3590
17/09/2006,154,2918,1823,280,0,3071
18/09/2006,211,1194,4739,999,0,1405
02/10/2006,24,762,15127,357,0,786
05/10/2006,731,894,3402,2487,0,1625
06/10/2006,187,1371,3114,582,0,1558
08/10/2006,211,1194,6592,1389,0,1405
14/10/2006,414,3728,2607,1080,0,4143
16/10/2006,426,3446,2691,1146,0,3872
23/10/2006,227,1191,5966,1353,0,1418
24/10/2006,759,928,3154,2395,0,1687
28/10/2006,24,762,15127,357,0,786
29/10/2006,23,729,8356,188,0,752
30/10/2006,215,1051,7603,1637,0,1267
02/11/2006,753,849,2976,2241,0,1602
06/11/2006,205,1078,7113,1461,0,1284
10/11/2006,937,2016,3250,3047,0,2953
13/11/2006,402,3621,2744,1104,0,4023
14/11/2006,26,833,1938,50,0,859
22/11/2006,156,1140,3711,577,0,1296
23/11/2006,392,3524,2564,1004,0,3916
24/11/2006,714,946,3119,2226,0,1660
25/11/2006,187,1058,7918,1479,0,1245
05/12/2006,700,967,3099,2170,0,1667
07/12/2006,201,1140,9826,1976,0,1341
09/12/2006,380,3423,2359,897,0,3803
10/12/2006,25,796,2764,68,0,821
12/12/2006,27,860,10977,292,0,886
18/12/2006,196,1110,9239,1810,0,1306
19/12/2006,158,1057,4028,636,0,1215
20/12/2006,406,3655,2623,1065,0,4061
25/12/2006,220,2019,7486,1644,0,2239
26/12/2006,899,2071,3002,2700,0,2970
27/12/2006,567,4733,2804,1591,0,5301
04/01/2007,200,1136,8842,1772,0,1336
06/01/2007,389,3500,2507,975,0,3889
07/01/2007,184,1128,10098,1854,0,1311
09/01/2007,29,943,411,12,0,972
11/01/2007,146,1073,3008,440,0,1219
13/01/2007,726,853,2792,2028,0,1579
14/01/2007,198,1325,8732,1728,0,1523
21/01/2007,395,3760,1852,731,0,4154
22/01/2007,196,1309,5174,1012,0,1505
29/01/2007,669,817,2109,1410,0,1486
02/02/2007,225,2252,4555,1024,0,2477
13/02/2007,799,976,2181,1742,0,1775
14/02/2007,690,844,2559,1767,0,1534
15/02/2007,700,856,2523,1767,0,1556
17/02/2007,148,1197,4807,711,0,1345
19/02/2007,395,3551,1949,769,0,3945
27/02/2007,132,1064,6608,869,0,1196
28/02/2007,409,4364,2535,1038,0,4774
02/03/2007,230,2289,8927,2056,0,2519
11/03/2007,1153,3450,3993,4606,0,4604
13/03/2007,396,3564,2518,997,0,3960
24/03/2007,408,3669,4064,1657,0,4077
25/03/2007,139,1248,4307,597,0,1386
27/03/2007,125,1125,5248,656,0,1250
28/03/2007,188,1259,6784,1276,0,1447
29/03/2007,330,2386,5525,1821,0,2716
31/03/2007,787,819,2187,1722,0,1607
05/04/2007,422,3798,2483,1048,0,4220
06/04/2007,122,1235,2193,268,0,1358
08/04/2007,847,693,2050,1737,0,1540
09/04/2007,243,1816,10433,2531,0,2059
10/04/2007,115,1160,1595,183,0,1275
13/04/2007,394,3542,2729,1074,0,3935
19/04/2007,852,697,2023,1723,0,1549
23/04/2007,378,3400,2438,921,0,3778
24/04/2007,343,2360,4838,1661,0,2703
25/04/2007,21,512,939,20,0,533
03/05/2007,240,1696,7087,1701,0,1936
04/05/2007,394,3544,2702,1064,0,3938
06/05/2007,133,1078,1119,149,0,1211
12/05/2007,724,816,2542,1840,0,1540
13/05/2007,122,1097,1222,149,0,1219
14/05/2007,218,1234,6561,1429,0,1452
15/05/2007,748,1514,2565,1917,0,2262
17/05/2007,354,3575,2562,906,0,3929
19/05/2007,122,1098,1213,148,0,1220
21/05/2007,242,1901,8166,1973,0,2143
27/05/2007,707,830,2537,1793,0,1537
30/05/2007,352,3563,2995,1055,0,3915
31/05/2007,353,3051,5920,2089,0,3404
02/06/2007,124,1113,1479,183,0,1237
09/06/2007,228,2342,7931,1809,64,2570
11/06/2007,361,3651,3243,1171,0,4013
26/06/2007,34,820,1374,47,64,855
30/06/2007,699,821,2393,1674,0,1520
01/07/2007,203,1066,7429,1508,0,1269
02/07/2007,124,1113,1479,183,0,1237
05/07/2007,347,3510,2486,863,0,3857
06/07/2007,354,3582,2334,827,0,3937
10/07/2007,28,536,750,21,64,564
11/07/2007,231,1602,6613,1529,64,1833
31/07/2007,356,3597,2755,980,0,3953
01/08/2007,685,772,2318,1587,0,1456
20/08/2007,639,720,2441,1559,0,1359
21/08/2007,617,695,2522,1555,0,1312
22/08/2007,631,771,2859,1804,0,1403
25/08/2007,201,980,4935,991,0,1181
26/08/2007,172,2130,2388,410,64,2302
28/08/2007,379,3408,2530,958,0,3787
31/08/2007,656,801,2867,1880,0,1457
03/09/2007,370,3330,3641,1347,0,3700
10/09/2007,121,888,264,32,0,1009
11/09/2007,206,1081,3176,654,0,1287
13/09/2007,178,2045,2096,374,64,2223
21/09/2007,260,2190,3246,843,64,2450
23/09/2007,639,883,2894,1850,0,1522
26/09/2007,305,3501,4007,1220,0,3806
01/10/2007,117,1055,631,74,0,1173
02/10/2007,204,1070,3072,626,0,1274
03/10/2007,638,881,2411,1538,0,1519
04/10/2007,373,4795,3951,1474,64,5168
07/10/2007,641,885,2368,1517,0,1525
02/11/2007,388,3402,2807,1090,0,3791
04/11/2007,316,3639,3821,1209,0,3955
05/11/2007,536,710,3018,1617,0,1246
02/12/2007,434,4694,2958,1283,0,5128
08/12/2007,642,963,2086,1339,0,1605
09/12/2007,199,1128,4312,858,0,1327
02/01/2008,390,4490,3624,1415,0,4880
03/01/2008,105,1210,1911,201,0,1315
04/01/2008,131,1182,1225,161,0,1314
06/01/2008,680,1021,2306,1569,0,1701
07/01/2008,224,1377,2722,610,0,1601
18/01/2008,207,1172,1634,338,0,1379
19/01/2008,662,994,2083,1380,0,1656
20/01/2008,128,1154,406,52,0,1282
21/01/2008,216,1327,3009,650,0,1543
22/01/2008,374,4304,2282,854,0,4678
23/01/2008,135,1218,849,115,0,1354
24/01/2008,376,4323,1902,715,0,4699
25/01/2008,1022,5140,1855,1895,0,6163
26/01/2008,373,4288,1650,615,0,4661
27/01/2008,668,1002,1885,1259,0,1670
28/01/2008,186,1367,3246,605,0,1554
30/01/2008,138,1239,7471,1028,0,1376
31/01/2008,372,4276,2547,947,0,4648
04/02/2008,686,1028,1692,1160,0,1714
06/02/2008,228,2627,2570,587,64,2855
07/02/2008,684,1026,1837,1256,0,1709
08/02/2008,197,1317,142,28,0,1514
15/02/2008,137,1229,1700,232,0,1365
20/02/2008,250,3912,2799,699,64,4162
21/02/2008,676,1014,1851,1251,0,1689
22/02/2008,205,1372,1956,401,0,1577
23/02/2008,137,1230,2348,321,0,1367
02/03/2008,137,1230,2348,321,0,1367
15/03/2008,240,3756,3413,818,64,3995
16/03/2008,682,1023,2035,1388,0,1706
29/03/2008,210,1289,3270,686,0,1499
06/04/2008,142,1277,3206,455,0,1419
10/04/2008,678,936,1896,1286,0,1615
15/04/2008,238,3729,2651,631,64,3967
16/04/2008,227,3558,3091,702,64,3785
17/04/2008,138,1243,3307,457,0,1382
21/04/2008,180,1322,1421,256,0,1502
24/04/2008,138,1242,6645,917,0,1380
25/04/2008,142,1278,6282,892,0,1420
27/04/2008,213,4046,3335,710,0,4259
28/04/2008,704,933,2009,1414,0,1637
04/05/2008,176,1291,4750,836,0,1467
10/05/2008,136,1224,2087,284,0,1361
11/05/2008,142,1281,2108,300,0,1423
13/05/2008,211,4005,4151,875,64,4216
14/05/2008,177,1299,3348,593,0,1476
21/05/2008,724,959,2009,1454,0,1683
22/05/2008,174,1275,6147,1069,0,1449
23/05/2008,216,4096,1429,308,64,4312
28/05/2008,147,1192,2151,317,0,1340
14/06/2008,762,931,1910,1455,0,1692
15/06/2008,353,4061,2263,799,0,4414
17/06/2008,177,1300,4876,864,0,1477
20/06/2008,134,1207,2617,351,0,1341
06/07/2008,723,849,1853,1339,0,1571
22/07/2008,607,713,2175,1321,0,1320
23/07/2008,648,791,2017,1306,0,1439
24/07/2008,134,1210,2708,364,0,1344
25/07/2008,183,1223,4269,780,0,1405
31/07/2008,302,3475,2919,882,64,3778
04/08/2008,599,649,1750,1048,0,1248
14/08/2008,824,464,4905,4042,32,1288
15/08/2008,541,267,11721,6346,32,808
17/08/2008,249,196,36484,9099,36,445
18/08/2008,122,57,81360,9934,36,180
19/08/2008,56,26,202911,11363,36,82
20/08/2008,150,67,74656,11176,36,217
21/08/2008,124,170,58414,7255,28,294
22/08/2008,614,720,1795,1101,0,1334
23/08/2008,181,1213,4153,753,0,1395
24/08/2008,439,4715,3421,1503,64,5154
25/08/2008,175,1281,2026,354,0,1456
26/08/2008,189,1267,766,145,0,1457
30/08/2008,644,787,1675,1078,0,1430
31/08/2008,445,4787,2584,1149,64,5231
09/09/2008,171,1144,3643,623,0,1315
27/09/2008,645,699,2683,1730,0,1344
30/09/2008,152,1371,2336,356,0,1524
02/10/2008,515,4628,3258,1679,64,5143
07/10/2008,345,3489,3054,1054,64,3834
10/10/2008,624,772,2960,1846,0,1395
22/10/2008,122,1407,3451,422,0,1529
24/10/2008,337,3402,3896,1311,64,3738
25/10/2008,339,3426,3231,1095,64,3765
29/10/2008,586,716,3706,2172,0,1303
31/10/2008,172,1153,5183,893,0,1326
02/11/2008,124,1421,3487,431,0,1545
05/11/2008,375,3376,2895,1086,64,3751
06/11/2008,597,730,3682,2198,0,1326
09/11/2008,172,1153,5369,925,0,1325
10/11/2008,509,4893,3909,1991,64,5403
11/11/2008,725,2296,4349,3155,64,3022
12/11/2008,173,1222,6434,1113,0,1395
13/11/2008,632,742,3647,2304,0,1373
15/11/2008,130,1495,6415,834,0,1625
18/11/2008,385,3460,3462,1331,64,3845
25/11/2008,388,3489,2614,1013,64,3877
28/11/2008,166,1109,5875,974,0,1275
03/12/2008,91,1419,8951,811,0,1510
08/12/2008,95,1486,9979,947,0,1581
12/12/2008,585,715,4012,2346,0,1300
15/12/2008,180,3659,6608,1192,0,3839
17/12/2008,85,1544,18229,1544,64,1629
20/12/2008,11,1079,100092,1091,64,1089
21/12/2008,105,1204,9312,974,0,1308
26/12/2008,234,3672,3447,808,64,3906
30/12/2008,584,685,3961,2312,0,1269
02/01/2009,117,1050,8055,940,0,1167
03/01/2009,102,1601,8757,895,0,1703
08/01/2009,236,3690,4851,1143,64,3926
09/01/2009,583,657,3956,2305,0,1240
20/01/2009,148,1334,6231,924,0,1483
21/01/2009,598,674,3840,2296,0,1272
22/01/2009,592,668,4265,2525,0,1260
25/01/2009,109,1451,8278,904,0,1560
07/02/2009,235,3678,4097,962,64,3913
08/02/2009,146,1178,5508,802,0,1323
10/02/2009,152,1372,6877,1048,0,1524
11/02/2009,618,697,3583,2214,0,1315
13/02/2009,154,1247,4695,724,0,1402
16/02/2009,134,1204,7496,1003,0,1338
20/02/2009,667,752,3952,2634,0,1418
25/02/2009,155,1252,3038,470,0,1406
26/02/2009,154,1389,4699,725,0,1543
28/02/2009,1123,5603,4036,4533,64,6726
02/03/2009,159,1286,4314,686,0,1445
08/03/2009,257,3416,4877,1254,60,3674
09/03/2009,224,3505,5825,1303,64,3728
10/03/2009,187,3543,6836,1275,64,3729
11/03/2009,217,3401,6541,1420,60,3618
12/03/2009,263,3491,4939,1298,64,3754
13/03/2009,675,859,3864,2606,0,1533
15/03/2009,155,1395,6452,1000,0,1550
21/03/2009,686,838,2810,1926,0,1523
24/03/2009,149,1203,7895,1174,0,1352
27/03/2009,210,2784,6035,1265,48,2994
28/03/2009,129,1488,6808,881,0,1617
29/03/2009,670,888,2591,1736,0,1558
31/03/2009,148,1197,6811,1008,0,1345
02/04/2009,155,1254,6142,952,0,1409
04/04/2009,212,2818,4107,871,48,3031
05/04/2009,215,2861,6741,1452,48,3077
06/04/2009,126,1443,7793,978,0,1569
09/04/2009,125,1433,7255,904,0,1557
10/04/2009,720,846,2468,1778,0,1566
14/04/2009,152,1113,6864,1042,0,1265
16/04/2009,118,1360,6954,822,0,1478
18/04/2009,171,1966,7788,1331,37,2137
22/04/2009,130,1319,6365,830,0,1449
23/04/2009,723,849,2439,1764,0,1572
24/04/2009,341,2748,5628,1917,0,3089
25/04/2009,170,1958,7227,1230,37,2128
26/04/2009,149,1339,5659,842,0,1488
27/04/2009,146,1318,5888,862,0,1464
28/04/2009,144,1296,5539,797,0,1439
29/04/2009,144,1292,4411,633,0,1435
30/04/2009,144,1299,4983,719,0,1443
01/05/2009,145,1308,3941,573,0,1454
02/05/2009,175,2008,24147,4216,55,2183
03/05/2009,229,3048,6146,1410,48,3277
04/05/2009,226,2999,6136,1385,48,3225
05/05/2009,224,2971,4638,1037,48,3194
06/05/2009,180,1320,4994,899,0,1500
07/05/2009,119,1365,4827,573,64,1483
08/05/2009,157,1412,3168,497,48,1569
09/05/2009,140,1257,27115,3788,64,1397
10/05/2009,160,1436,1322,211,48,1596
11/05/2009,719,845,7649,5503,21,1564
20/05/2009,176,998,5222,919,0,1174
21/05/2009,700,822,2448,1714,0,1522
22/05/2009,218,2892,4580,997,48,3110
24/05/2009,235,2899,20442,4806,68,3134
27/05/2009,138,1243,3647,504,48,1382
28/05/2009,138,1240,3682,507,48,1377
29/05/2009,170,1042,6126,1039,0,1211
30/05/2009,196,1204,25319,4960,21,1400
31/05/2009,704,827,2040,1437,0,1531
02/06/2009,708,831,7876,5572,21,1538
03/06/2009,257,2602,4145,1067,44,2860
08/06/2009,695,850,2127,1479,0,1545
09/06/2009,255,2291,3967,1010,40,2546
12/06/2009,186,1054,3710,690,0,1240
18/06/2009,372,3346,2698,1003,60,3718
19/06/2009,617,925,2605,1607,0,1542
20/06/2009,183,1344,1500,275,48,1527
27/06/2009,546,786,3092,1688,0,1332
29/06/2009,231,2653,3225,744,48,2884
30/06/2009,155,1135,2326,360,48,1290
02/07/2009,537,805,10699,5740,21,1341
04/07/2009,188,1068,3243,611,0,1256
13/07/2009,128,1153,6745,864,48,1281
14/07/2009,253,2561,4260,1079,48,2814
17/07/2009,587,717,2539,1490,0,1304
21/07/2009,213,2623,4356,926,48,2835
22/07/2009,123,1175,6707,827,48,1298
23/07/2009,181,951,3482,631,0,1132
24/07/2009,600,705,3202,1922,0,1305
26/07/2009,220,2707,2925,642,48,2926
08/08/2009,133,1199,4662,621,48,1332
09/08/2009,203,923,2764,560,0,1126
11/08/2009,181,949,2778,502,0,1129
12/08/2009,120,1216,4663,561,48,1337
14/08/2009,599,732,2326,1393,0,1331
15/08/2009,124,1118,3881,482,48,1242
18/08/2009,217,2671,4474,969,48,2888
19/08/2009,173,907,3160,546,0,1080
28/08/2009,611,717,2321,1418,0,1328
04/09/2009,133,1194,4336,575,48,1326
05/09/2009,219,2903,5016,1096,48,3122
07/09/2009,164,928,3305,541,0,1091
10/09/2009,612,718,2359,1443,0,1330
15/09/2009,165,933,2338,385,64,1098
17/09/2009,136,1299,4446,606,48,1435
18/09/2009,224,3224,4761,1067,48,3448
17/10/2009,182,1030,2768,503,64,1212
21/10/2009,138,1120,5289,732,48,1259
22/10/2009,661,776,2289,1513,0,1437
23/10/2009,159,3024,6847,1090,48,3183
08/11/2009,604,604,2588,1563,0,1208
09/11/2009,183,959,2441,446,0,1142
11/11/2009,166,3158,5740,954,48,3324
12/11/2009,138,1012,5362,740,48,1150
18/11/2009,688,688,2276,1566,0,1376
25/11/2009,180,945,2604,469,0,1125
26/11/2009,151,1105,5800,874,48,1256
27/11/2009,687,687,2275,1562,0,1373
29/11/2009,180,943,707,127,0,1123
30/11/2009,856,3794,2640,2259,48,4650
09/12/2009,178,1010,763,136,64,1189
11/12/2009,162,3083,7511,1219,48,3245
12/12/2009,157,1153,4618,726,48,1310
13/12/2009,159,1163,3754,595,48,1321
14/12/2009,704,763,2183,1537,0,1467
29/12/2009,702,702,1556,1092,0,1403
30/12/2009,837,1754,2098,1756,48,2592
31/12/2009,146,1073,4313,631,48,1219
02/01/2010,182,1032,1082,197,64,1214
03/01/2010,162,3076,4472,724,48,3238
07/01/2010,704,704,1534,1079,0,1407
11/01/2010,107,959,6300,671,48,1065
12/01/2010,170,963,529,90,64,1133
13/01/2010,167,3172,2964,495,48,3339
19/01/2010,723,723,1547,1119,0,1446
24/01/2010,111,1000,7417,824,48,1111
28/01/2010,163,923,3076,501,64,1086
30/01/2010,732,3929,2180,1597,48,4662
31/01/2010,501,930,2160,1081,0,1430
02/02/2010,131,964,4893,643,48,1095
04/02/2010,150,919,3391,507,64,1068
09/02/2010,160,983,4025,644,64,1143
10/02/2010,171,3257,4288,735,48,3428
12/02/2010,541,920,2007,1085,0,1461
13/02/2010,574,792,1912,1097,0,1366
14/02/2010,305,4281,4584,1400,96,4586
15/02/2010,159,978,4139,659,64,1137
22/02/2010,545,889,2080,1133,0,1433
27/02/2010,139,1122,17157,2378,48,1260
28/02/2010,491,835,2360,1158,0,1326
04/03/2010,318,4048,4247,1350,32,4365
06/03/2010,139,1123,14557,2022,48,1262
07/03/2010,133,1077,13674,1820,48,1210
09/03/2010,468,869,2564,1199,0,1336
11/03/2010,486,760,2282,1108,0,1245
12/03/2010,114,2170,6226,711,36,2284
14/03/2010,113,2145,6333,715,36,2258
16/03/2010,150,850,3931,590,64,1000
22/03/2010,146,830,3975,582,60,976
23/03/2010,172,3265,4825,829,48,3437
24/03/2010,133,1080,7084,945,48,1213
26/03/2010,185,3510,4331,800,48,3695
27/03/2010,502,753,2001,1005,0,1256
29/03/2010,157,961,2978,466,64,1118
31/03/2010,171,3244,3989,681,48,3414
03/04/2010,134,1207,6853,919,48,1341
04/04/2010,500,750,1950,975,0,1250
07/04/2010,154,946,1968,303,64,1100
08/04/2010,180,3421,4756,856,48,3601
12/04/2010,247,4698,8201,2028,52,4946
13/04/2010,295,4628,7004,2069,52,4924
14/04/2010,295,2222,7467,2202,36,2517
23/04/2010,498,747,1982,987,0,1245
25/04/2010,145,893,8555,1243,64,1038
09/05/2010,107,962,10982,1174,64,1069
19/05/2010,113,1016,7484,845,64,1129
29/05/2010,124,908,6922,857,64,1031
03/06/2010,129,948,6326,818,64,1077
04/06/2010,282,3241,3318,935,52,3522
08/06/2010,175,1077,4894,858,48,1252
11/06/2010,136,995,8651,1174,64,1131
13/06/2010,178,1096,1143,204,48,1275
14/06/2010,346,3117,2667,924,52,3464
21/06/2010,123,995,9626,1183,64,1118
25/06/2010,167,1115,5114,852,48,1282
27/06/2010,347,3121,2682,930,52,3467
28/06/2010,125,1013,5966,747,64,1138
29/06/2010,149,1092,5722,852,48,1241
02/07/2010,354,3188,2708,959,52,3542
03/07/2010,352,3166,2655,934,52,3518
08/07/2010,115,1030,6175,707,64,1145
09/07/2010,116,1039,8000,924,64,1155
12/07/2010,146,1067,6838,995,48,1213
17/07/2010,320,3235,3110,995,52,3555
18/07/2010,123,995,7811,960,64,1118
21/07/2010,148,1084,6806,1006,48,1232
23/07/2010,320,3236,3188,1020,52,3556
28/07/2010,112,1011,8986,1010,64,1124
02/08/2010,112,1011,8986,1010,64,1124
03/08/2010,80,1064,12584,1008,48,1144
11/08/2010,90,1033,12428,1116,48,1123
17/08/2010,91,1044,12930,1174,48,1135
29/08/2010,97,976,7005,676,48,1072
03/09/2010,96,974,11328,1092,52,1071
07/09/2010,298,3425,1011,301,52,3723
15/09/2010,298,3431,694,207,52,3730
16/09/2010,85,983,12916,1103,52,1068
23/09/2010,588,543,790,464,56,1130
24/09/2010,613,846,2554,1565,56,1459
25/09/2010,611,917,3889,2376,56,1528
27/09/2010,826,4264,4746,3922,32,5090
02/10/2010,254,3378,5822,1480,52,3632
09/10/2010,496,844,6452,3197,40,1339
13/10/2010,575,1069,3673,2113,60,1644
14/10/2010,90,973,12378,1119,52,1063
16/10/2010,586,956,3764,2205,60,1542
17/10/2010,641,961,3794,2431,62,1602
22/10/2010,180,3422,8517,1534,52,3602
26/10/2010,184,3490,191,35,52,3674
27/10/2010,183,3486,420,77,52,3669
30/10/2010,277,4670,602,167,32,4948
09/11/2010,695,1042,2827,1964,62,1737
11/11/2010,486,728,3452,1676,36,1214
15/11/2010,633,1125,3338,2113,62,1758
16/11/2010,292,4474,6966,2034,32,4766
06/01/2011,92,826,4248,390,56,918
07/01/2011,312,3587,1391,434,56,3899
12/01/2011,693,1039,1791,1241,64,1732
14/01/2011,88,794,4002,353,56,882
17/01/2011,156,3746,4779,746,56,3902
18/01/2011,195,3695,3563,693,56,3889
20/01/2011,194,3690,2039,396,56,3884
22/01/2011,695,1042,2396,1665,64,1737
23/01/2011,81,725,9392,757,56,806
28/01/2011,689,1034,2302,1587,64,1724
03/02/2011,195,3698,2148,418,56,3893
04/02/2011,697,1045,2192,1527,64,1742
06/02/2011,86,1141,9779,840,56,1227
07/02/2011,190,3618,3351,638,56,3809
09/02/2011,197,3733,3695,726,56,3929
10/02/2011,704,1056,2154,1516,64,1759
14/02/2011,96,1100,9133,874,56,1196
15/02/2011,195,3695,4391,854,56,3890
18/02/2011,694,1041,2597,1802,64,1734
19/02/2011,194,3684,3471,673,56,3878
22/02/2011,117,1057,6848,804,56,1174
24/02/2011,193,3663,3485,672,56,3856
25/02/2011,693,998,2430,1685,64,1691
28/02/2011,136,1223,5475,744,56,1359
03/03/2011,219,3756,2832,619,56,3974
09/03/2011,242,3786,5317,1285,56,4028
11/03/2011,133,1197,5681,755,56,1330
13/03/2011,673,968,2322,1563,64,1641
24/03/2011,119,1075,6415,766,56,1194
25/03/2011,236,3700,5847,1381,56,3937
26/03/2011,687,988,2379,1634,64,1675
30/03/2011,123,1106,6420,789,56,1229
02/04/2011,239,3737,5597,1335,56,3975
03/04/2011,707,1061,2349,1661,64,1768
11/04/2011,622,859,2414,1501,64,1481
14/04/2011,634,951,2498,1583,64,1585
17/04/2011,236,3695,4750,1120,56,3931
19/04/2011,80,1057,11357,904,56,1137
25/04/2011,236,3701,4771,1127,56,3937
27/04/2011,611,996,2661,1625,64,1607
29/04/2011,75,993,11992,897,56,1068
05/05/2011,78,902,11760,922,50,981
06/05/2011,94,760,9702,912,48,854
09/05/2011,99,801,10101,1001,48,901
11/05/2011,233,3654,6601,1540,56,3888
13/05/2011,610,995,2543,1551,64,1605
31/05/2011,615,1004,2012,1238,64,1619
02/06/2011,100,806,8886,885,48,905
03/06/2011,237,3709,5325,1261,56,3946
10/06/2011,608,992,2299,1398,64,1600
16/06/2011,236,3700,5438,1284,56,3936
19/06/2011,107,864,8914,952,48,971
20/06/2011,240,3761,154,37,56,4001
22/06/2011,610,914,2489,1517,64,1524
07/07/2011,90,814,11615,1050,48,904
08/07/2011,99,893,14743,1464,48,993
12/07/2011,241,3769,5665,1363,56,4010
13/07/2011,619,1010,2605,1612,64,1628
20/07/2011,240,3752,5574,1335,56,3992
21/07/2011,98,885,14771,1452,48,983
22/07/2011,611,996,2550,1557,64,1607
29/07/2011,615,1003,2573,1582,64,1618
08/08/2011,617,1098,2915,1800,64,1715
11/08/2011,233,3654,6202,1447,56,3888
15/08/2011,94,843,16905,1584,48,937
18/08/2011,615,1094,2918,1795,64,1709
19/08/2011,203,3854,6323,1283,56,4057
27/08/2011,614,1002,2923,1795,64,1616
03/09/2011,72,647,19611,1410,48,719
04/09/2011,195,3708,6509,1270,56,3903
07/09/2011,659,989,2637,1738,64,1648
14/09/2011,78,705,17752,1390,48,783
15/09/2011,192,3641,6566,1258,56,3833
19/09/2011,656,985,2608,1712,64,1641
21/09/2011,89,718,14234,1264,48,807
23/09/2011,190,3600,6807,1290,56,3789
29/09/2011,651,976,2631,1712,64,1626
30/09/2011,89,719,14443,1284,48,808
04/10/2011,188,3579,6736,1269,56,3768
11/10/2011,648,971,2507,1623,64,1619
14/10/2011,178,3373,6563,1165,52,3551
03/11/2011,183,3468,7180,1311,52,3651
04/11/2011,647,970,2450,1584,64,1617
07/11/2011,52,600,20575,1074,32,652
10/11/2011,55,629,20183,1104,32,684
11/11/2011,636,954,2653,1687,64,1590
14/11/2011,185,3510,7250,1339,52,3694
20/11/2011,631,947,2464,1556,64,1579
22/11/2011,53,611,25913,1376,32,664
23/11/2011,179,3402,7767,1391,52,3581
29/11/2011,631,946,2502,1578,64,1577
02/12/2011,645,968,2555,1648,64,1613
03/12/2011,58,661,28000,1610,32,719
04/12/2011,186,3526,7705,1430,52,3712
07/12/2011,645,967,2617,1687,64,1612
08/12/2011,55,495,28564,1571,32,550
09/12/2011,181,3439,7503,1358,52,3620
14/12/2011,655,983,3466,2271,64,1638
18/12/2011,183,3468,7277,1328,52,3650
19/12/2011,58,517,26730,1537,32,575
20/12/2011,658,908,3414,2245,64,1566
25/12/2011,185,3508,8609,1590,52,3693
31/12/2011,57,510,25309,1435,32,567
02/01/2012,654,941,3465,2265,64,1594
09/01/2012,50,574,25371,1266,32,624
13/01/2012,187,3552,6966,1302,52,3739
18/01/2012,659,949,3081,2031,64,1608
19/01/2012,51,587,24941,1272,32,638
24/01/2012,183,3470,8242,1505,52,3653
26/01/2012,655,942,2956,1935,64,1596
27/01/2012,50,571,25181,1249,32,620
01/02/2012,50,576,26128,1309,32,626
02/02/2012,181,3441,8410,1523,52,3622
07/02/2012,642,963,3055,1961,64,1605
13/02/2012,594,1011,3670,2178,64,1604
18/02/2012,62,560,25450,1583,32,622
20/02/2012,189,4541,8029,1519,52,4730
23/02/2012,197,4716,7740,1521,52,4913
26/02/2012,803,5984,4817,3870,36,6787
29/02/2012,545,1271,4189,2281,64,1815
01/03/2012,545,1271,4189,2281,64,1815
02/03/2012,56,564,28978,1617,32,620
05/03/2012,232,5571,7087,1645,52,5803
11/03/2012,54,623,29926,1619,32,677
14/03/2012,531,1128,4118,2186,64,1659
18/03/2012,542,1100,4414,2390,64,1641
23/03/2012,208,3574,8183,1702,52,3782
24/03/2012,56,645,23922,1342,32,701
25/03/2012,221,3458,7812,1724,52,3678
29/03/2012,225,3523,7700,1731,52,3747
02/04/2012,521,1011,4405,2293,64,1531
08/04/2012,52,601,29579,1544,32,653
10/04/2012,523,971,4420,2311,64,1494
14/04/2012,208,3261,7184,1495,52,3469
17/04/2012,53,606,31120,1640,32,659
18/04/2012,512,952,4707,2412,64,1464
26/04/2012,49,560,33922,1652,32,609
27/04/2012,211,3311,7104,1501,52,3522
29/04/2012,230,3598,8175,1877,52,3827
01/06/2012,197,3737,7290,1434,52,3934
03/06/2012,31,597,56178,1764,32,629
12/06/2012,539,1095,4329,2334,64,1634
17/06/2012,134,2093,6737,900,30,2227
19/06/2012,33,624,43891,1444,32,657
20/06/2012,194,3679,5486,1062,52,3872
25/06/2012,552,1072,4183,2310,64,1624
27/06/2012,26,494,55885,1453,32,520
05/07/2012,198,3765,6618,1311,52,3963
08/07/2012,557,1081,4192,2334,64,1638
10/07/2012,32,600,47911,1514,32,631
25/07/2012,554,1029,4054,2245,64,1582
26/07/2012,196,3728,6799,1334,52,3925
30/07/2012,24,586,65861,1607,32,610
09/08/2012,547,1016,4191,2292,64,1563
13/08/2012,197,3750,9336,1843,52,3947
20/08/2012,551,1024,4143,2284,64,1575
22/08/2012,25,599,68600,1715,32,624
26/08/2012,198,3107,7045,1397,52,3306
28/08/2012,526,977,4366,2296,64,1503
04/09/2012,22,527,78311,1715,32,548
05/09/2012,536,1041,4066,2180,64,1577
08/09/2012,197,3088,7027,1385,48,3285
10/09/2012,196,3076,6334,1244,48,3273
12/09/2012,199,3112,6430,1277,48,3311
18/09/2012,26,626,64253,1677,32,652
26/09/2012,526,1021,4082,2147,64,1547
30/09/2012,202,3167,6271,1268,48,3370
02/10/2012,26,613,63843,1628,32,638
04/10/2012,527,1022,4004,2108,64,1549
08/10/2012,206,3221,6158,1266,48,3427
10/10/2012,519,1008,3997,2076,64,1528
16/10/2012,22,539,65804,1474,32,561
23/10/2012,201,3145,6557,1316,48,3345
26/10/2012,24,573,61967,1481,32,597
27/10/2012,481,894,4090,1969,64,1375
28/10/2012,482,895,5485,2645,64,1378
29/10/2012,183,2872,7169,1314,48,3056
04/11/2012,462,858,4953,2288,64,1320
06/11/2012,204,3201,6109,1248,48,3405
08/11/2012,522,968,3946,2058,64,1490
12/11/2012,452,143,3139,1418,32,594
18/11/2012,189,2967,6832,1294,48,3157
19/11/2012,480,891,4150,1990,64,1370
20/11/2012,487,904,4019,1957,64,1391
23/11/2012,25,589,52857,1295,32,613
14/12/2012,485,901,4327,2099,64,1386
15/12/2012,25,610,51063,1297,32,635
17/12/2012,181,2837,6162,1116,44,3018
27/12/2012,476,883,4411,2098,64,1359
28/12/2012,182,2856,5919,1079,44,3039
30/12/2012,27,735,48951,1307,32,762
04/01/2013,484,899,4181,2024,64,1383
11/01/2013,570,855,3746,2135,64,1425
12/01/2013,152,2882,6968,1057,44,3034
14/01/2013,21,505,60616,1279,32,526
26/01/2013,559,741,3491,1952,64,1300
10/02/2013,19,464,63472,1225,32,483
11/02/2013,150,2854,7190,1080,44,3004
12/02/2013,556,737,3505,1948,64,1292
26/02/2013,174,3414,12857,2232,76,3587
01/03/2013,575,762,3328,1914,64,1337
08/03/2013,148,2819,7102,1054,44,2968
09/03/2013,28,670,42043,1173,32,698
12/03/2013,161,3067,5886,950,48,3228
13/03/2013,161,3062,5900,951,48,3224
14/03/2013,576,764,3339,1923,64,1340
19/03/2013,594,1319,5324,3161,96,1913
21/03/2013,160,3047,6889,1105,48,3207
22/03/2013,32,614,36285,1172,32,647
26/03/2013,163,3089,5467,889,48,3252
28/03/2013,576,733,3047,1755,64,1309
29/03/2013,38,602,28047,1077,32,641
01/04/2013,45,594,23870,1067,32,639
05/04/2013,183,2863,6220,1137,48,3046
08/04/2013,536,682,3504,1878,64,1218
10/04/2013,46,532,21015,973,32,579
13/04/2013,183,2870,7183,1316,48,3054
14/04/2013,506,759,3802,1925,64,1266
28/04/2013,47,582,20699,977,32,629
05/05/2013,198,3095,6402,1265,48,3293
06/05/2013,504,822,3186,1605,64,1326
08/05/2013,49,647,16345,796,32,696
10/05/2013,516,957,3181,1640,64,1473
13/05/2013,531,796,3012,1599,64,1327
15/05/2013,158,2999,5995,946,48,3156
18/05/2013,53,613,18574,990,32,667
24/05/2013,571,856,2804,1601,64,1427
26/05/2013,160,3032,4781,763,48,3191
01/06/2013,544,816,2634,1433,64,1360
02/06/2013,160,3045,4435,711,48,3206
03/06/2013,60,692,12292,740,32,752
09/06/2013,543,815,2625,1426,64,1358
12/06/2013,163,3091,4075,663,48,3253
16/06/2013,66,669,9592,635,32,736
26/06/2013,556,907,2174,1209,64,1464
27/06/2013,159,3020,3071,488,48,3179
28/06/2013,67,674,4918,328,32,741
03/07/2013,557,835,2187,1217,64,1391
04/07/2013,165,3131,3604,594,48,3296
05/07/2013,62,717,10337,645,32,780
13/07/2013,556,869,2666,1481,64,1424
15/07/2013,168,3190,3740,628,48,3358
18/07/2013,57,760,13287,760,32,817
19/07/2013,162,3071,3032,490,48,3233
25/07/2013,500,888,3145,1572,64,1388
26/07/2013,55,734,16250,897,32,789
27/07/2013,168,3200,3230,544,48,3369
03/08/2013,487,904,3015,1467,64,1390
04/08/2013,177,3045,3290,583,48,3222
05/08/2013,55,730,15719,863,32,785
09/08/2013,479,929,2969,1421,64,1408
10/08/2013,56,738,14874,827,32,794
14/08/2013,161,3065,4830,779,48,3226
15/08/2013,193,3024,4026,777,48,3217
17/08/2013,56,745,15686,880,32,802
18/08/2013,482,936,2936,1415,64,1418
19/08/2013,193,3027,4042,781,48,3220
23/08/2013,64,730,13181,837,32,793
24/08/2013,487,945,2943,1432,64,1431
25/08/2013,192,3002,4149,795,48,3194
03/09/2013,483,937,2972,1434,64,1419
04/09/2013,66,756,13044,857,32,822
05/09/2013,165,3127,5267,867,48,3292
11/09/2013,488,947,2929,1429,64,1435
14/09/2013,163,3093,5393,878,48,3256
18/09/2013,66,754,13064,857,32,820
20/09/2013,487,945,3216,1566,64,1432
21/09/2013,166,3161,5310,883,48,3327
29/09/2013,65,750,13206,861,32,815
02/10/2013,652,4111,4011,2614,32,4763
04/10/2013,64,735,13474,861,32,799
07/10/2013,487,905,3619,1764,64,1393
10/10/2013,164,3111,6298,1031,48,3275
14/10/2013,64,741,13587,875,32,805
17/10/2013,166,3146,6298,1043,48,3312
18/10/2013,488,906,3426,1672,64,1394
19/10/2013,67,769,12889,861,32,835
20/10/2013,166,3145,6266,1037,48,3310
21/10/2013,506,939,3204,1621,64,1445
04/11/2013,66,759,12515,826,32,825
05/11/2013,486,902,3440,1671,64,1388
06/11/2013,162,3076,6380,1033,48,3238
19/11/2013,66,755,12241,803,32,820
20/11/2013,489,909,3224,1578,64,1398
21/11/2013,164,3114,6162,1010,48,3278
30/11/2013,63,726,12611,797,32,789
02/12/2013,493,1000,3520,1734,64,1493
04/12/2013,612,4267,4007,2454,32,4880
05/12/2013,627,4272,4139,2594,32,4899
06/12/2013,622,4260,4179,2598,32,4882
07/12/2013,609,4052,4236,2579,32,4661
08/12/2013,135,3233,6682,900,48,3368
09/12/2013,135,3230,6857,923,48,3365
16/12/2013,63,729,13502,856,32,793
04/01/2014,473,960,3510,1659,64,1433
05/01/2014,137,3281,6774,926,48,3418
07/01/2014,60,802,13725,829,32,863
11/01/2014,491,1043,3538,1736,64,1533
14/01/2014,58,767,15000,867,32,825
15/01/2014,168,3200,5350,901,48,3368
18/01/2014,490,1041,3473,1701,64,1531
22/01/2014,64,734,13537,865,32,798
24/01/2014,166,3158,5469,909,48,3324
25/01/2014,477,1013,3628,1730,64,1490
28/01/2014,464,1083,3752,1742,64,1548
29/01/2014,75,863,11971,899,32,938
30/01/2014,168,3185,5615,941,48,3353
01/02/2014,471,1099,3756,1769,64,1570
05/02/2014,75,861,11963,896,32,936
08/02/2014,167,3172,5788,966,48,3339
12/02/2014,482,1125,3616,1743,64,1607
14/02/2014,76,874,10026,762,32,950
17/02/2014,171,3244,5876,1003,48,3415
19/02/2014,516,1204,2921,1508,64,1721
25/02/2014,73,844,10354,760,32,917
28/02/2014,171,3243,5313,907,48,3414
01/03/2014,533,1134,3181,1697,64,1667
05/03/2014,74,849,10678,788,32,923
09/03/2014,502,1068,3308,1662,64,1570
14/03/2014,75,858,10563,788,32,933
15/03/2014,502,1067,3239,1626,64,1569
23/03/2014,72,826,11240,807,32,898
25/03/2014,526,1117,2999,1577,64,1643
06/04/2014,155,2949,5135,797,46,3104
07/04/2014,56,873,14345,799,32,929
10/04/2014,519,1102,2908,1508,64,1621
13/04/2014,158,2997,4667,736,46,3155
16/04/2014,59,847,14201,835,32,905
19/04/2014,522,1110,3130,1634,64,1632
29/04/2014,532,1131,3178,1692,64,1664
30/04/2014,66,3221,12664,832,48,3287
01/05/2014,57,892,15694,893,32,949
11/05/2014,592,1099,2945,1742,64,1690
12/05/2014,65,3204,14297,935,48,3270
15/05/2014,56,879,15526,871,32,935
22/05/2014,591,1098,3019,1785,64,1689
26/05/2014,67,3288,14083,945,48,3355
30/05/2014,61,961,14356,880,32,1022
31/05/2014,588,1093,2956,1739,64,1681
